epoch_sec,completed_in_bin,cumulative_completed
1758198737,0,0
1758198738,0,0
1758198739,0,0
1758198740,0,0
1758198741,0,0
1758198742,0,0
1758198743,0,0
1758198744,0,0
1758198745,0,0
1758198746,0,0
1758198747,0,0
1758198748,0,0
1758198749,0,0
1758198750,0,0
1758198751,0,0
1758198752,0,0
1758198753,0,0
1758198754,0,0
1758198755,0,0
1758198756,0,0
1758198757,0,0
1758198758,0,0
1758198759,0,0
1758198760,0,0
1758198761,0,0
1758198762,0,0
1758198763,0,0
1758198764,0,0
1758198765,0,0
1758198766,0,0
1758198767,0,0
1758198768,0,0
1758198769,0,0
1758198770,0,0
1758198771,0,0
1758198772,0,0
1758198773,0,0
1758198774,0,0
1758198775,0,0
1758198776,0,0
1758198777,0,0
1758198778,0,0
1758198779,0,0
1758198780,0,0
1758198781,0,0
1758198782,0,0
1758198783,0,0
1758198784,0,0
1758198785,0,0
1758198786,0,0
1758198787,0,0
1758198788,0,0
1758198789,0,0
1758198790,0,0
1758198791,0,0
1758198792,0,0
1758198793,0,0
1758198794,0,0
1758198795,0,0
1758198796,0,0
1758198797,0,0
1758198798,0,0
1758198799,0,0
1758198800,0,0
1758198801,0,0
1758198802,0,0
1758198803,0,0
1758198804,0,0
1758198805,0,0
1758198806,0,0
1758198807,0,0
1758198808,0,0
1758198809,0,0
1758198810,0,0
1758198811,0,0
1758198812,0,0
1758198813,0,0
1758198814,0,0
1758198815,0,0
1758198816,0,0
1758198817,0,0
1758198818,0,0
1758198819,0,0
1758198820,0,0
1758198821,0,0
1758198822,0,0
1758198823,0,0
1758198824,0,0
1758198825,0,0
1758198826,0,0
1758198827,0,0
1758198828,0,0
1758198829,0,0
1758198830,0,0
1758198831,0,0
1758198832,0,0
1758198833,0,0
1758198834,0,0
1758198835,0,0
1758198836,0,0
1758198837,0,0
1758198838,0,0
1758198839,0,0
1758198840,0,0
1758198841,0,0
1758198842,0,0
1758198843,0,0
1758198844,0,0
1758198845,0,0
1758198846,0,0
1758198847,0,0
1758198848,0,0
1758198849,0,0
1758198850,0,0
1758198851,0,0
1758198852,0,0
1758198853,0,0
1758198854,0,0
1758198855,0,0
1758198856,0,0
1758198857,0,0
1758198858,0,0
1758198859,0,0
1758198860,0,0
1758198861,0,0
1758198862,0,0
1758198863,0,0
1758198864,0,0
1758198865,0,0
1758198866,0,0
1758198867,0,0
1758198868,0,0
1758198869,0,0
1758198870,0,0
1758198871,0,0
1758198872,0,0
1758198873,0,0
1758198874,0,0
1758198875,0,0
1758198876,0,0
1758198877,0,0
1758198878,0,0
1758198879,0,0
1758198880,0,0
1758198881,0,0
1758198882,0,0
1758198883,0,0
1758198884,0,0
1758198885,0,0
1758198886,0,0
1758198887,0,0
1758198888,0,0
1758198889,0,0
1758198890,0,0
1758198891,0,0
1758198892,0,0
1758198893,0,0
1758198894,0,0
1758198895,0,0
1758198896,0,0
1758198897,0,0
1758198898,0,0
1758198899,0,0
1758198900,0,0
1758198901,0,0
1758198902,0,0
1758198903,0,0
1758198904,0,0
1758198905,0,0
1758198906,0,0
1758198907,0,0
1758198908,0,0
1758198909,0,0
1758198910,0,0
1758198911,0,0
1758198912,0,0
1758198913,0,0
1758198914,0,0
1758198915,0,0
1758198916,0,0
1758198917,0,0
1758198918,0,0
1758198919,0,0
1758198920,0,0
1758198921,0,0
1758198922,0,0
1758198923,0,0
1758198924,0,0
1758198925,0,0
1758198926,0,0
1758198927,0,0
1758198928,0,0
1758198929,0,0
1758198930,0,0
1758198931,0,0
1758198932,0,0
1758198933,0,0
1758198934,0,0
1758198935,0,0
1758198936,0,0
1758198937,0,0
1758198938,0,0
1758198939,0,0
1758198940,0,0
1758198941,0,0
1758198942,0,0
1758198943,0,0
1758198944,0,0
1758198945,0,0
1758198946,0,0
1758198947,0,0
1758198948,0,0
1758198949,0,0
1758198950,0,0
1758198951,0,0
1758198952,0,0
1758198953,0,0
1758198954,0,0
1758198955,0,0
1758198956,0,0
1758198957,0,0
1758198958,0,0
1758198959,0,0
1758198960,0,0
1758198961,0,0
1758198962,0,0
1758198963,0,0
1758198964,0,0
1758198965,0,0
1758198966,0,0
1758198967,0,0
1758198968,0,0
1758198969,0,0
1758198970,0,0
1758198971,0,0
1758198972,0,0
1758198973,0,0
1758198974,0,0
1758198975,0,0
1758198976,0,0
1758198977,0,0
1758198978,0,0
1758198979,0,0
1758198980,0,0
1758198981,0,0
1758198982,0,0
1758198983,0,0
1758198984,0,0
1758198985,0,0
1758198986,0,0
1758198987,0,0
1758198988,0,0
1758198989,0,0
1758198990,0,0
1758198991,0,0
1758198992,0,0
1758198993,0,0
1758198994,0,0
1758198995,0,0
1758198996,0,0
1758198997,0,0
1758198998,0,0
1758198999,0,0
1758199000,0,0
1758199001,0,0
1758199002,0,0
1758199003,0,0
1758199004,0,0
1758199005,0,0
1758199006,0,0
1758199007,0,0
1758199008,0,0
1758199009,0,0
1758199010,0,0
1758199011,0,0
1758199012,0,0
1758199013,0,0
1758199014,0,0
1758199015,0,0
1758199016,0,0
1758199017,0,0
1758199018,0,0
1758199019,0,0
1758199020,0,0
1758199021,0,0
1758199022,0,0
1758199023,0,0
1758199024,0,0
1758199025,0,0
1758199026,0,0
1758199027,0,0
1758199028,0,0
1758199029,0,0
1758199030,0,0
1758199031,0,0
1758199032,0,0
1758199033,0,0
1758199034,0,0
1758199035,0,0
1758199036,0,0
1758199037,0,0
1758199038,0,0
1758199039,0,0
1758199040,0,0
1758199041,0,0
1758199042,0,0
1758199043,0,0
1758199044,0,0
1758199045,0,0
1758199046,0,0
1758199047,0,0
1758199048,0,0
1758199049,0,0
1758199050,0,0
1758199051,0,0
1758199052,0,0
1758199053,0,0
1758199054,0,0
1758199055,0,0
1758199056,0,0
1758199057,0,0
1758199058,0,0
1758199059,0,0
1758199060,0,0
1758199061,0,0
1758199062,0,0
1758199063,0,0
1758199064,0,0
1758199065,0,0
1758199066,0,0
1758199067,0,0
1758199068,0,0
1758199069,0,0
1758199070,0,0
1758199071,0,0
1758199072,0,0
1758199073,0,0
1758199074,0,0
1758199075,0,0
1758199076,0,0
1758199077,0,0
1758199078,0,0
1758199079,0,0
1758199080,0,0
1758199081,0,0
1758199082,0,0
1758199083,0,0
1758199084,0,0
1758199085,0,0
1758199086,0,0
1758199087,0,0
1758199088,0,0
1758199089,0,0
1758199090,0,0
1758199091,0,0
1758199092,0,0
1758199093,0,0
1758199094,0,0
1758199095,0,0
1758199096,0,0
1758199097,0,0
1758199098,0,0
1758199099,0,0
1758199100,0,0
1758199101,0,0
1758199102,0,0
1758199103,0,0
1758199104,0,0
1758199105,0,0
1758199106,0,0
1758199107,0,0
1758199108,0,0
1758199109,0,0
1758199110,0,0
1758199111,0,0
1758199112,0,0
1758199113,0,0
1758199114,0,0
1758199115,0,0
1758199116,0,0
1758199117,0,0
1758199118,0,0
1758199119,0,0
1758199120,0,0
1758199121,0,0
1758199122,0,0
1758199123,0,0
1758199124,0,0
1758199125,0,0
1758199126,0,0
1758199127,0,0
1758199128,0,0
1758199129,0,0
1758199130,0,0
1758199131,0,0
1758199132,0,0
1758199133,0,0
1758199134,0,0
1758199135,0,0
1758199136,0,0
1758199137,0,0
1758199138,0,0
1758199139,0,0
1758199140,0,0
1758199141,0,0
1758199142,0,0
1758199143,0,0
1758199144,0,0
1758199145,0,0
1758199146,0,0
1758199147,0,0
1758199148,0,0
1758199149,0,0
1758199150,0,0
1758199151,0,0
1758199152,0,0
1758199153,0,0
1758199154,0,0
1758199155,0,0
1758199156,0,0
1758199157,0,0
1758199158,0,0
1758199159,0,0
1758199160,0,0
1758199161,0,0
1758199162,0,0
1758199163,0,0
1758199164,0,0
1758199165,0,0
1758199166,0,0
1758199167,0,0
1758199168,0,0
1758199169,0,0
1758199170,0,0
1758199171,0,0
1758199172,0,0
1758199173,0,0
1758199174,0,0
1758199175,0,0
1758199176,0,0
1758199177,0,0
1758199178,0,0
1758199179,0,0
1758199180,0,0
1758199181,0,0
1758199182,0,0
1758199183,0,0
1758199184,0,0
1758199185,0,0
1758199186,0,0
1758199187,0,0
1758199188,0,0
1758199189,0,0
1758199190,0,0
1758199191,0,0
1758199192,0,0
1758199193,0,0
1758199194,0,0
1758199195,0,0
1758199196,0,0
1758199197,0,0
1758199198,0,0
1758199199,0,0
1758199200,0,0
1758199201,0,0
1758199202,0,0
1758199203,0,0
1758199204,0,0
1758199205,0,0
1758199206,0,0
1758199207,0,0
1758199208,0,0
1758199209,0,0
1758199210,0,0
1758199211,0,0
1758199212,0,0
1758199213,0,0
1758199214,0,0
1758199215,0,0
1758199216,0,0
1758199217,0,0
1758199218,0,0
1758199219,0,0
1758199220,0,0
1758199221,0,0
1758199222,0,0
1758199223,0,0
1758199224,0,0
1758199225,0,0
1758199226,0,0
1758199227,0,0
1758199228,0,0
1758199229,0,0
1758199230,0,0
1758199231,0,0
1758199232,0,0
1758199233,0,0
1758199234,0,0
1758199235,0,0
1758199236,0,0
1758199237,0,0
1758199238,0,0
1758199239,0,0
1758199240,0,0
1758199241,0,0
1758199242,0,0
1758199243,0,0
1758199244,0,0
1758199245,0,0
1758199246,0,0
1758199247,0,0
1758199248,0,0
1758199249,0,0
1758199250,0,0
1758199251,0,0
1758199252,0,0
1758199253,0,0
1758199254,0,0
1758199255,0,0
1758199256,0,0
1758199257,0,0
1758199258,0,0
1758199259,0,0
1758199260,0,0
1758199261,0,0
1758199262,0,0
1758199263,0,0
1758199264,0,0
1758199265,0,0
1758199266,0,0
1758199267,0,0
1758199268,0,0
1758199269,0,0
1758199270,0,0
1758199271,0,0
1758199272,0,0
1758199273,0,0
1758199274,0,0
1758199275,0,0
1758199276,0,0
1758199277,0,0
1758199278,0,0
1758199279,0,0
1758199280,0,0
1758199281,0,0
1758199282,0,0
1758199283,0,0
1758199284,0,0
1758199285,0,0
1758199286,0,0
1758199287,0,0
1758199288,0,0
1758199289,0,0
1758199290,0,0
1758199291,0,0
1758199292,0,0
1758199293,0,0
1758199294,0,0
1758199295,0,0
1758199296,0,0
1758199297,0,0
1758199298,0,0
1758199299,0,0
1758199300,0,0
1758199301,0,0
1758199302,0,0
1758199303,0,0
1758199304,0,0
1758199305,0,0
1758199306,0,0
1758199307,0,0
1758199308,0,0
1758199309,0,0
1758199310,0,0
1758199311,0,0
1758199312,0,0
1758199313,0,0
1758199314,0,0
1758199315,0,0
1758199316,0,0
1758199317,0,0
1758199318,0,0
1758199319,0,0
1758199320,0,0
1758199321,0,0
1758199322,0,0
1758199323,0,0
1758199324,0,0
1758199325,0,0
1758199326,0,0
1758199327,0,0
1758199328,0,0
1758199329,0,0
1758199330,0,0
1758199331,0,0
1758199332,0,0
1758199333,0,0
1758199334,0,0
1758199335,0,0
1758199336,0,0
1758199337,0,0
1758199338,0,0
1758199339,0,0
1758199340,0,0
1758199341,0,0
1758199342,0,0
1758199343,0,0
1758199344,0,0
1758199345,0,0
1758199346,0,0
1758199347,0,0
1758199348,0,0
1758199349,0,0
1758199350,0,0
1758199351,0,0
1758199352,0,0
1758199353,0,0
1758199354,0,0
1758199355,0,0
1758199356,0,0
1758199357,0,0
1758199358,0,0
1758199359,0,0
1758199360,0,0
1758199361,0,0
1758199362,0,0
1758199363,0,0
1758199364,0,0
1758199365,0,0
1758199366,0,0
1758199367,0,0
1758199368,0,0
1758199369,0,0
1758199370,0,0
1758199371,0,0
1758199372,0,0
1758199373,0,0
1758199374,0,0
1758199375,0,0
1758199376,0,0
1758199377,0,0
1758199378,0,0
1758199379,0,0
1758199380,0,0
1758199381,0,0
1758199382,0,0
1758199383,0,0
1758199384,0,0
1758199385,0,0
1758199386,0,0
1758199387,0,0
1758199388,0,0
1758199389,0,0
1758199390,0,0
1758199391,0,0
1758199392,0,0
1758199393,0,0
1758199394,0,0
1758199395,0,0
1758199396,0,0
1758199397,0,0
1758199398,0,0
1758199399,0,0
1758199400,0,0
1758199401,0,0
1758199402,0,0
1758199403,0,0
1758199404,0,0
1758199405,0,0
1758199406,0,0
1758199407,0,0
1758199408,0,0
1758199409,0,0
1758199410,0,0
1758199411,0,0
1758199412,0,0
1758199413,0,0
1758199414,0,0
1758199415,0,0
1758199416,0,0
1758199417,0,0
1758199418,0,0
1758199419,0,0
1758199420,0,0
1758199421,0,0
1758199422,0,0
1758199423,0,0
1758199424,0,0
1758199425,0,0
1758199426,0,0
1758199427,0,0
1758199428,0,0
1758199429,0,0
1758199430,0,0
1758199431,0,0
1758199432,0,0
1758199433,0,0
1758199434,0,0
1758199435,0,0
1758199436,0,0
1758199437,0,0
1758199438,0,0
1758199439,0,0
1758199440,0,0
1758199441,0,0
1758199442,0,0
1758199443,0,0
1758199444,0,0
1758199445,0,0
1758199446,0,0
1758199447,0,0
1758199448,0,0
1758199449,0,0
1758199450,0,0
1758199451,0,0
1758199452,0,0
1758199453,0,0
1758199454,0,0
1758199455,0,0
1758199456,0,0
1758199457,0,0
1758199458,0,0
1758199459,0,0
1758199460,0,0
1758199461,0,0
1758199462,0,0
1758199463,0,0
1758199464,0,0
1758199465,0,0
1758199466,0,0
1758199467,0,0
1758199468,0,0
1758199469,0,0
1758199470,0,0
1758199471,0,0
1758199472,0,0
1758199473,0,0
1758199474,0,0
1758199475,0,0
1758199476,0,0
1758199477,0,0
1758199478,0,0
1758199479,0,0
1758199480,0,0
1758199481,0,0
1758199482,0,0
1758199483,0,0
1758199484,0,0
1758199485,0,0
1758199486,0,0
1758199487,0,0
1758199488,0,0
1758199489,0,0
1758199490,0,0
1758199491,0,0
1758199492,0,0
1758199493,0,0
1758199494,0,0
1758199495,0,0
1758199496,0,0
1758199497,0,0
1758199498,0,0
1758199499,0,0
1758199500,0,0
1758199501,0,0
1758199502,0,0
1758199503,0,0
1758199504,0,0
1758199505,0,0
1758199506,0,0
1758199507,0,0
1758199508,0,0
1758199509,0,0
1758199510,0,0
1758199511,0,0
1758199512,0,0
1758199513,0,0
1758199514,0,0
1758199515,0,0
1758199516,0,0
1758199517,0,0
1758199518,0,0
1758199519,0,0
1758199520,0,0
1758199521,0,0
1758199522,0,0
1758199523,0,0
1758199524,0,0
1758199525,0,0
1758199526,0,0
1758199527,0,0
1758199528,0,0
1758199529,0,0
1758199530,0,0
1758199531,0,0
1758199532,0,0
1758199533,0,0
1758199534,0,0
1758199535,0,0
1758199536,0,0
1758199537,0,0
1758199538,0,0
1758199539,0,0
1758199540,0,0
1758199541,0,0
1758199542,0,0
1758199543,0,0
1758199544,0,0
1758199545,0,0
1758199546,0,0
1758199547,0,0
1758199548,0,0
1758199549,0,0
1758199550,0,0
1758199551,0,0
1758199552,0,0
1758199553,0,0
1758199554,0,0
1758199555,0,0
1758199556,0,0
1758199557,0,0
1758199558,0,0
1758199559,0,0
1758199560,0,0
1758199561,0,0
1758199562,0,0
1758199563,0,0
1758199564,0,0
1758199565,0,0
1758199566,0,0
1758199567,0,0
1758199568,0,0
1758199569,0,0
1758199570,0,0
1758199571,0,0
1758199572,0,0
1758199573,0,0
1758199574,0,0
1758199575,0,0
1758199576,0,0
1758199577,0,0
1758199578,0,0
1758199579,0,0
1758199580,0,0
1758199581,0,0
1758199582,0,0
1758199583,0,0
1758199584,0,0
1758199585,0,0
1758199586,0,0
1758199587,0,0
1758199588,0,0
1758199589,0,0
1758199590,0,0
1758199591,0,0
1758199592,0,0
1758199593,0,0
1758199594,0,0
1758199595,0,0
1758199596,0,0
1758199597,0,0
1758199598,0,0
1758199599,0,0
1758199600,0,0
1758199601,0,0
1758199602,0,0
1758199603,0,0
1758199604,0,0
1758199605,0,0
1758199606,0,0
1758199607,0,0
1758199608,0,0
1758199609,0,0
1758199610,0,0
1758199611,0,0
1758199612,0,0
1758199613,0,0
1758199614,0,0
1758199615,0,0
1758199616,0,0
1758199617,0,0
1758199618,0,0
1758199619,0,0
1758199620,0,0
1758199621,0,0
1758199622,0,0
1758199623,0,0
1758199624,0,0
1758199625,0,0
1758199626,0,0
1758199627,0,0
1758199628,0,0
1758199629,0,0
1758199630,0,0
1758199631,0,0
1758199632,0,0
1758199633,0,0
1758199634,0,0
1758199635,0,0
1758199636,0,0
1758199637,0,0
1758199638,0,0
1758199639,0,0
1758199640,0,0
1758199641,0,0
1758199642,0,0
1758199643,0,0
1758199644,0,0
1758199645,0,0
1758199646,0,0
1758199647,0,0
1758199648,0,0
1758199649,0,0
1758199650,0,0
1758199651,0,0
1758199652,0,0
1758199653,0,0
1758199654,0,0
1758199655,0,0
1758199656,0,0
1758199657,0,0
1758199658,0,0
1758199659,0,0
1758199660,0,0
1758199661,0,0
1758199662,0,0
1758199663,0,0
1758199664,0,0
1758199665,0,0
1758199666,0,0
1758199667,0,0
1758199668,0,0
1758199669,0,0
1758199670,0,0
1758199671,0,0
1758199672,0,0
1758199673,0,0
1758199674,0,0
1758199675,0,0
1758199676,0,0
1758199677,0,0
1758199678,0,0
1758199679,0,0
1758199680,0,0
1758199681,0,0
1758199682,0,0
1758199683,0,0
1758199684,0,0
1758199685,0,0
1758199686,0,0
1758199687,0,0
1758199688,0,0
1758199689,0,0
1758199690,0,0
1758199691,0,0
1758199692,0,0
1758199693,0,0
1758199694,0,0
1758199695,0,0
1758199696,0,0
1758199697,0,0
1758199698,0,0
1758199699,0,0
1758199700,0,0
1758199701,0,0
1758199702,0,0
1758199703,0,0
1758199704,0,0
1758199705,0,0
1758199706,0,0
1758199707,0,0
1758199708,0,0
1758199709,0,0
1758199710,0,0
1758199711,0,0
1758199712,0,0
1758199713,0,0
1758199714,0,0
1758199715,0,0
1758199716,0,0
1758199717,0,0
1758199718,0,0
1758199719,0,0
1758199720,0,0
1758199721,0,0
1758199722,0,0
1758199723,0,0
1758199724,0,0
1758199725,0,0
1758199726,0,0
1758199727,0,0
1758199728,0,0
1758199729,0,0
1758199730,0,0
1758199731,0,0
1758199732,0,0
1758199733,0,0
1758199734,0,0
1758199735,0,0
1758199736,0,0
1758199737,0,0
1758199738,0,0
1758199739,0,0
1758199740,0,0
1758199741,0,0
1758199742,0,0
1758199743,0,0
1758199744,0,0
1758199745,0,0
1758199746,0,0
1758199747,0,0
1758199748,0,0
1758199749,0,0
1758199750,0,0
1758199751,0,0
1758199752,0,0
1758199753,0,0
1758199754,0,0
1758199755,0,0
1758199756,0,0
1758199757,0,0
1758199758,0,0
1758199759,0,0
1758199760,0,0
1758199761,0,0
1758199762,0,0
1758199763,0,0
1758199764,0,0
1758199765,0,0
1758199766,0,0
1758199767,0,0
1758199768,0,0
1758199769,0,0
1758199770,0,0
1758199771,0,0
1758199772,0,0
1758199773,0,0
1758199774,0,0
1758199775,0,0
1758199776,0,0
1758199777,0,0
1758199778,0,0
1758199779,0,0
1758199780,0,0
1758199781,0,0
1758199782,0,0
1758199783,0,0
1758199784,0,0
1758199785,0,0
1758199786,0,0
1758199787,0,0
1758199788,0,0
1758199789,0,0
1758199790,0,0
1758199791,0,0
1758199792,0,0
1758199793,0,0
1758199794,0,0
1758199795,0,0
1758199796,0,0
1758199797,0,0
1758199798,0,0
1758199799,0,0
1758199800,0,0
1758199801,0,0
1758199802,0,0
1758199803,0,0
1758199804,0,0
1758199805,0,0
1758199806,0,0
1758199807,0,0
1758199808,0,0
1758199809,0,0
1758199810,0,0
1758199811,0,0
1758199812,0,0
1758199813,0,0
1758199814,0,0
1758199815,0,0
1758199816,0,0
1758199817,0,0
1758199818,0,0
1758199819,0,0
1758199820,0,0
1758199821,0,0
1758199822,0,0
1758199823,0,0
1758199824,0,0
1758199825,0,0
1758199826,0,0
1758199827,0,0
1758199828,0,0
1758199829,0,0
1758199830,0,0
1758199831,0,0
1758199832,0,0
1758199833,0,0
1758199834,0,0
1758199835,0,0
1758199836,0,0
1758199837,0,0
1758199838,0,0
1758199839,0,0
1758199840,0,0
1758199841,0,0
1758199842,0,0
1758199843,0,0
1758199844,0,0
1758199845,0,0
1758199846,0,0
1758199847,0,0
1758199848,0,0
1758199849,0,0
1758199850,0,0
1758199851,0,0
1758199852,0,0
1758199853,0,0
1758199854,0,0
1758199855,0,0
1758199856,0,0
1758199857,0,0
1758199858,0,0
1758199859,0,0
1758199860,0,0
1758199861,0,0
1758199862,0,0
1758199863,0,0
1758199864,0,0
1758199865,0,0
1758199866,0,0
1758199867,0,0
1758199868,0,0
1758199869,0,0
1758199870,0,0
1758199871,0,0
1758199872,0,0
1758199873,0,0
1758199874,0,0
1758199875,0,0
1758199876,0,0
1758199877,0,0
1758199878,0,0
1758199879,0,0
1758199880,0,0
1758199881,0,0
1758199882,0,0
1758199883,0,0
1758199884,0,0
1758199885,0,0
1758199886,0,0
1758199887,0,0
1758199888,0,0
1758199889,0,0
1758199890,0,0
1758199891,0,0
1758199892,0,0
1758199893,0,0
1758199894,0,0
1758199895,0,0
1758199896,0,0
1758199897,0,0
1758199898,0,0
1758199899,0,0
1758199900,0,0
1758199901,0,0
1758199902,0,0
1758199903,0,0
1758199904,0,0
1758199905,0,0
1758199906,0,0
1758199907,0,0
1758199908,0,0
1758199909,0,0
1758199910,0,0
1758199911,0,0
1758199912,0,0
1758199913,0,0
1758199914,0,0
1758199915,0,0
1758199916,0,0
1758199917,0,0
1758199918,0,0
1758199919,0,0
1758199920,0,0
1758199921,0,0
1758199922,0,0
1758199923,0,0
1758199924,0,0
1758199925,0,0
1758199926,0,0
1758199927,0,0
1758199928,0,0
1758199929,0,0
1758199930,0,0
1758199931,0,0
1758199932,0,0
1758199933,0,0
1758199934,0,0
1758199935,0,0
1758199936,0,0
1758199937,0,0
1758199938,0,0
1758199939,0,0
1758199940,0,0
1758199941,0,0
1758199942,0,0
1758199943,0,0
1758199944,0,0
1758199945,0,0
1758199946,0,0
1758199947,0,0
1758199948,0,0
1758199949,0,0
1758199950,0,0
1758199951,0,0
1758199952,0,0
1758199953,0,0
1758199954,0,0
1758199955,0,0
1758199956,0,0
1758199957,0,0
1758199958,0,0
1758199959,0,0
1758199960,0,0
1758199961,0,0
1758199962,0,0
1758199963,0,0
1758199964,0,0
1758199965,0,0
1758199966,0,0
1758199967,0,0
1758199968,0,0
1758199969,0,0
1758199970,0,0
1758199971,0,0
1758199972,0,0
1758199973,0,0
1758199974,0,0
1758199975,0,0
1758199976,0,0
1758199977,0,0
1758199978,0,0
1758199979,0,0
1758199980,0,0
1758199981,0,0
1758199982,0,0
1758199983,0,0
1758199984,0,0
1758199985,0,0
1758199986,0,0
1758199987,0,0
1758199988,0,0
1758199989,0,0
1758199990,0,0
1758199991,0,0
1758199992,0,0
1758199993,0,0
1758199994,0,0
1758199995,0,0
1758199996,0,0
1758199997,0,0
1758199998,0,0
1758199999,0,0
1758200000,0,0
1758200001,0,0
1758200002,0,0
1758200003,0,0
1758200004,0,0
1758200005,0,0
1758200006,0,0
1758200007,0,0
1758200008,0,0
1758200009,0,0
1758200010,0,0
1758200011,0,0
1758200012,0,0
1758200013,0,0
1758200014,0,0
1758200015,0,0
1758200016,0,0
1758200017,0,0
1758200018,0,0
1758200019,0,0
1758200020,0,0
1758200021,0,0
1758200022,0,0
1758200023,0,0
1758200024,0,0
1758200025,0,0
1758200026,0,0
1758200027,0,0
1758200028,0,0
1758200029,0,0
1758200030,0,0
1758200031,0,0
1758200032,0,0
1758200033,0,0
1758200034,0,0
1758200035,0,0
1758200036,0,0
1758200037,0,0
1758200038,0,0
1758200039,0,0
1758200040,0,0
1758200041,0,0
1758200042,0,0
1758200043,0,0
1758200044,0,0
1758200045,0,0
1758200046,0,0
1758200047,0,0
1758200048,0,0
1758200049,0,0
1758200050,0,0
1758200051,0,0
1758200052,0,0
1758200053,0,0
1758200054,0,0
1758200055,0,0
1758200056,0,0
1758200057,0,0
1758200058,0,0
1758200059,0,0
1758200060,0,0
1758200061,0,0
1758200062,0,0
1758200063,0,0
1758200064,0,0
1758200065,0,0
1758200066,0,0
1758200067,0,0
1758200068,0,0
1758200069,0,0
1758200070,0,0
1758200071,0,0
1758200072,0,0
1758200073,0,0
1758200074,0,0
1758200075,0,0
1758200076,0,0
1758200077,0,0
1758200078,0,0
1758200079,0,0
1758200080,0,0
1758200081,0,0
1758200082,0,0
1758200083,0,0
1758200084,0,0
1758200085,0,0
1758200086,0,0
1758200087,0,0
1758200088,0,0
1758200089,0,0
1758200090,0,0
1758200091,0,0
1758200092,0,0
1758200093,0,0
1758200094,0,0
1758200095,0,0
1758200096,0,0
1758200097,0,0
1758200098,0,0
1758200099,0,0
1758200100,0,0
1758200101,0,0
1758200102,0,0
1758200103,0,0
1758200104,0,0
1758200105,0,0
1758200106,0,0
1758200107,0,0
1758200108,0,0
1758200109,0,0
1758200110,0,0
1758200111,0,0
1758200112,0,0
1758200113,0,0
1758200114,0,0
1758200115,0,0
1758200116,0,0
1758200117,0,0
1758200118,0,0
1758200119,0,0
1758200120,0,0
1758200121,0,0
1758200122,0,0
1758200123,0,0
1758200124,0,0
1758200125,0,0
1758200126,0,0
1758200127,0,0
1758200128,0,0
1758200129,0,0
1758200130,0,0
1758200131,0,0
1758200132,0,0
1758200133,0,0
1758200134,0,0
1758200135,0,0
1758200136,0,0
1758200137,0,0
1758200138,0,0
1758200139,0,0
1758200140,0,0
1758200141,0,0
1758200142,0,0
1758200143,0,0
1758200144,0,0
1758200145,0,0
1758200146,0,0
1758200147,0,0
1758200148,0,0
1758200149,0,0
1758200150,0,0
1758200151,0,0
1758200152,0,0
1758200153,0,0
1758200154,0,0
1758200155,0,0
1758200156,0,0
1758200157,0,0
1758200158,0,0
1758200159,0,0
1758200160,0,0
1758200161,0,0
1758200162,0,0
1758200163,0,0
1758200164,0,0
1758200165,0,0
1758200166,0,0
1758200167,0,0
1758200168,0,0
1758200169,0,0
1758200170,0,0
1758200171,0,0
1758200172,0,0
1758200173,0,0
1758200174,0,0
1758200175,0,0
1758200176,0,0
1758200177,0,0
1758200178,0,0
1758200179,0,0
1758200180,0,0
1758200181,0,0
1758200182,0,0
1758200183,0,0
1758200184,0,0
1758200185,0,0
1758200186,0,0
1758200187,0,0
1758200188,0,0
1758200189,0,0
1758200190,0,0
1758200191,0,0
1758200192,0,0
1758200193,0,0
1758200194,0,0
1758200195,0,0
1758200196,0,0
1758200197,0,0
1758200198,0,0
1758200199,0,0
1758200200,0,0
1758200201,0,0
1758200202,0,0
1758200203,0,0
1758200204,0,0
1758200205,0,0
1758200206,0,0
1758200207,0,0
1758200208,0,0
1758200209,0,0
1758200210,0,0
1758200211,0,0
1758200212,0,0
1758200213,0,0
1758200214,0,0
1758200215,0,0
1758200216,0,0
1758200217,0,0
1758200218,0,0
1758200219,0,0
1758200220,0,0
1758200221,0,0
1758200222,0,0
1758200223,0,0
1758200224,0,0
1758200225,0,0
1758200226,0,0
1758200227,0,0
1758200228,0,0
1758200229,0,0
1758200230,0,0
1758200231,0,0
1758200232,0,0
1758200233,0,0
1758200234,0,0
1758200235,0,0
1758200236,0,0
1758200237,0,0
1758200238,0,0
1758200239,0,0
1758200240,0,0
1758200241,0,0
1758200242,0,0
1758200243,0,0
1758200244,0,0
1758200245,0,0
1758200246,0,0
1758200247,0,0
1758200248,0,0
1758200249,0,0
1758200250,0,0
1758200251,0,0
1758200252,0,0
1758200253,0,0
1758200254,0,0
1758200255,0,0
1758200256,0,0
1758200257,0,0
1758200258,0,0
1758200259,0,0
1758200260,0,0
1758200261,0,0
1758200262,0,0
1758200263,0,0
1758200264,0,0
1758200265,0,0
1758200266,0,0
1758200267,0,0
1758200268,0,0
1758200269,0,0
1758200270,0,0
1758200271,0,0
1758200272,0,0
1758200273,0,0
1758200274,0,0
1758200275,0,0
1758200276,0,0
1758200277,0,0
1758200278,0,0
1758200279,0,0
1758200280,0,0
1758200281,0,0
1758200282,0,0
1758200283,0,0
1758200284,0,0
1758200285,0,0
1758200286,0,0
1758200287,0,0
1758200288,0,0
1758200289,0,0
1758200290,0,0
1758200291,0,0
1758200292,0,0
1758200293,0,0
1758200294,0,0
1758200295,0,0
1758200296,0,0
1758200297,0,0
1758200298,0,0
1758200299,0,0
1758200300,0,0
1758200301,0,0
1758200302,0,0
1758200303,0,0
1758200304,0,0
1758200305,0,0
1758200306,0,0
1758200307,0,0
1758200308,0,0
1758200309,0,0
1758200310,0,0
1758200311,0,0
1758200312,0,0
1758200313,0,0
1758200314,0,0
1758200315,0,0
1758200316,0,0
1758200317,0,0
1758200318,0,0
1758200319,0,0
1758200320,0,0
1758200321,0,0
1758200322,0,0
1758200323,0,0
1758200324,0,0
1758200325,0,0
1758200326,0,0
1758200327,0,0
1758200328,0,0
1758200329,0,0
1758200330,0,0
1758200331,0,0
1758200332,0,0
1758200333,0,0
1758200334,0,0
1758200335,0,0
1758200336,0,0
1758200337,0,0
1758200338,0,0
1758200339,0,0
1758200340,0,0
1758200341,0,0
1758200342,0,0
1758200343,0,0
1758200344,0,0
1758200345,0,0
1758200346,0,0
1758200347,0,0
1758200348,0,0
1758200349,0,0
1758200350,0,0
1758200351,0,0
1758200352,0,0
1758200353,0,0
1758200354,0,0
1758200355,0,0
1758200356,0,0
1758200357,0,0
1758200358,0,0
1758200359,0,0
1758200360,0,0
1758200361,0,0
1758200362,0,0
1758200363,0,0
1758200364,0,0
1758200365,0,0
1758200366,0,0
1758200367,0,0
1758200368,0,0
1758200369,0,0
1758200370,0,0
1758200371,0,0
1758200372,0,0
1758200373,0,0
1758200374,0,0
1758200375,0,0
1758200376,0,0
1758200377,0,0
1758200378,0,0
1758200379,0,0
1758200380,0,0
1758200381,0,0
1758200382,0,0
1758200383,0,0
1758200384,0,0
1758200385,0,0
1758200386,0,0
1758200387,0,0
1758200388,0,0
1758200389,0,0
1758200390,0,0
1758200391,0,0
1758200392,0,0
1758200393,0,0
1758200394,0,0
1758200395,0,0
1758200396,0,0
1758200397,0,0
1758200398,0,0
1758200399,0,0
1758200400,0,0
1758200401,0,0
1758200402,0,0
1758200403,0,0
1758200404,0,0
1758200405,0,0
1758200406,0,0
1758200407,0,0
1758200408,0,0
1758200409,0,0
1758200410,0,0
1758200411,0,0
1758200412,0,0
1758200413,0,0
1758200414,0,0
1758200415,0,0
1758200416,0,0
1758200417,0,0
1758200418,0,0
1758200419,0,0
1758200420,0,0
1758200421,0,0
1758200422,0,0
1758200423,0,0
1758200424,0,0
1758200425,0,0
1758200426,0,0
1758200427,0,0
1758200428,0,0
1758200429,0,0
1758200430,0,0
1758200431,0,0
1758200432,0,0
1758200433,0,0
1758200434,0,0
1758200435,0,0
1758200436,0,0
1758200437,0,0
1758200438,0,0
1758200439,0,0
1758200440,0,0
1758200441,0,0
1758200442,0,0
1758200443,0,0
1758200444,0,0
1758200445,0,0
1758200446,0,0
1758200447,0,0
1758200448,0,0
1758200449,0,0
1758200450,0,0
1758200451,0,0
1758200452,0,0
1758200453,0,0
1758200454,0,0
1758200455,0,0
1758200456,0,0
1758200457,0,0
1758200458,0,0
1758200459,0,0
1758200460,0,0
1758200461,0,0
1758200462,0,0
1758200463,0,0
1758200464,0,0
1758200465,0,0
1758200466,0,0
1758200467,0,0
1758200468,0,0
1758200469,0,0
1758200470,0,0
1758200471,0,0
1758200472,0,0
1758200473,0,0
1758200474,0,0
1758200475,0,0
1758200476,0,0
1758200477,0,0
1758200478,0,0
1758200479,0,0
1758200480,0,0
1758200481,0,0
1758200482,0,0
1758200483,0,0
1758200484,0,0
1758200485,0,0
1758200486,0,0
1758200487,0,0
1758200488,0,0
1758200489,0,0
1758200490,0,0
1758200491,0,0
1758200492,0,0
1758200493,0,0
1758200494,0,0
1758200495,0,0
1758200496,0,0
1758200497,0,0
1758200498,0,0
1758200499,0,0
1758200500,0,0
1758200501,0,0
1758200502,0,0
1758200503,0,0
1758200504,0,0
1758200505,0,0
1758200506,0,0
1758200507,0,0
1758200508,0,0
1758200509,0,0
1758200510,0,0
1758200511,0,0
1758200512,0,0
1758200513,0,0
1758200514,0,0
1758200515,0,0
1758200516,0,0
1758200517,0,0
1758200518,0,0
1758200519,0,0
1758200520,0,0
1758200521,0,0
1758200522,0,0
1758200523,0,0
1758200524,0,0
1758200525,0,0
1758200526,0,0
1758200527,0,0
1758200528,0,0
1758200529,0,0
1758200530,0,0
1758200531,0,0
1758200532,0,0
1758200533,0,0
1758200534,0,0
1758200535,0,0
1758200536,0,0
1758200537,0,0
1758200538,0,0
1758200539,0,0
1758200540,0,0
1758200541,0,0
1758200542,0,0
1758200543,0,0
1758200544,0,0
1758200545,0,0
1758200546,0,0
1758200547,0,0
1758200548,0,0
1758200549,0,0
1758200550,0,0
1758200551,0,0
1758200552,0,0
1758200553,0,0
1758200554,0,0
1758200555,0,0
1758200556,0,0
1758200557,0,0
1758200558,0,0
1758200559,0,0
1758200560,0,0
1758200561,0,0
1758200562,0,0
1758200563,0,0
1758200564,0,0
1758200565,0,0
1758200566,0,0
1758200567,0,0
1758200568,0,0
1758200569,0,0
1758200570,0,0
1758200571,0,0
1758200572,0,0
1758200573,0,0
1758200574,0,0
1758200575,0,0
1758200576,0,0
1758200577,0,0
1758200578,0,0
1758200579,0,0
1758200580,0,0
1758200581,0,0
1758200582,0,0
1758200583,0,0
1758200584,0,0
1758200585,0,0
1758200586,0,0
1758200587,0,0
1758200588,0,0
1758200589,0,0
1758200590,0,0
1758200591,0,0
1758200592,0,0
1758200593,0,0
1758200594,0,0
1758200595,0,0
1758200596,0,0
1758200597,0,0
1758200598,0,0
1758200599,0,0
1758200600,0,0
1758200601,0,0
1758200602,0,0
1758200603,0,0
1758200604,0,0
1758200605,0,0
1758200606,0,0
1758200607,0,0
1758200608,0,0
1758200609,0,0
1758200610,0,0
1758200611,0,0
1758200612,0,0
1758200613,0,0
1758200614,0,0
1758200615,0,0
1758200616,0,0
1758200617,0,0
1758200618,0,0
1758200619,0,0
1758200620,0,0
1758200621,0,0
1758200622,0,0
1758200623,0,0
1758200624,0,0
1758200625,0,0
1758200626,0,0
1758200627,0,0
1758200628,0,0
1758200629,0,0
1758200630,0,0
1758200631,0,0
1758200632,0,0
1758200633,0,0
1758200634,0,0
1758200635,0,0
1758200636,0,0
1758200637,0,0
1758200638,0,0
1758200639,0,0
1758200640,0,0
1758200641,0,0
1758200642,0,0
1758200643,0,0
1758200644,0,0
1758200645,0,0
1758200646,0,0
1758200647,0,0
1758200648,0,0
1758200649,0,0
1758200650,0,0
1758200651,0,0
1758200652,0,0
1758200653,0,0
1758200654,0,0
1758200655,0,0
1758200656,0,0
1758200657,0,0
1758200658,0,0
1758200659,0,0
1758200660,0,0
1758200661,0,0
1758200662,0,0
1758200663,0,0
1758200664,0,0
1758200665,0,0
1758200666,0,0
1758200667,0,0
1758200668,0,0
1758200669,0,0
1758200670,0,0
1758200671,0,0
1758200672,0,0
1758200673,0,0
1758200674,0,0
1758200675,0,0
1758200676,0,0
1758200677,0,0
1758200678,0,0
1758200679,0,0
1758200680,0,0
1758200681,0,0
1758200682,0,0
1758200683,0,0
1758200684,0,0
1758200685,0,0
1758200686,0,0
1758200687,0,0
1758200688,0,0
1758200689,0,0
1758200690,0,0
1758200691,0,0
1758200692,0,0
1758200693,0,0
1758200694,0,0
1758200695,0,0
1758200696,0,0
1758200697,0,0
1758200698,0,0
1758200699,0,0
1758200700,0,0
1758200701,0,0
1758200702,0,0
1758200703,0,0
1758200704,0,0
1758200705,0,0
1758200706,0,0
1758200707,0,0
1758200708,0,0
1758200709,0,0
1758200710,0,0
1758200711,0,0
1758200712,0,0
1758200713,0,0
1758200714,0,0
1758200715,0,0
1758200716,0,0
1758200717,0,0
1758200718,0,0
1758200719,0,0
1758200720,0,0
1758200721,0,0
1758200722,0,0
1758200723,0,0
1758200724,0,0
1758200725,0,0
1758200726,0,0
1758200727,0,0
1758200728,0,0
1758200729,0,0
1758200730,0,0
1758200731,0,0
1758200732,0,0
1758200733,0,0
1758200734,0,0
1758200735,0,0
1758200736,0,0
1758200737,0,0
1758200738,0,0
1758200739,0,0
1758200740,0,0
1758200741,0,0
1758200742,0,0
1758200743,0,0
1758200744,0,0
1758200745,0,0
1758200746,0,0
1758200747,0,0
1758200748,0,0
1758200749,0,0
1758200750,0,0
1758200751,0,0
1758200752,0,0
1758200753,0,0
1758200754,0,0
1758200755,0,0
1758200756,0,0
1758200757,0,0
1758200758,0,0
1758200759,0,0
1758200760,0,0
1758200761,0,0
1758200762,0,0
1758200763,0,0
1758200764,0,0
1758200765,0,0
1758200766,0,0
1758200767,0,0
1758200768,0,0
1758200769,0,0
1758200770,0,0
1758200771,0,0
1758200772,0,0
1758200773,0,0
1758200774,0,0
1758200775,0,0
1758200776,0,0
1758200777,0,0
1758200778,0,0
1758200779,0,0
1758200780,0,0
1758200781,0,0
1758200782,0,0
1758200783,0,0
1758200784,0,0
1758200785,0,0
1758200786,0,0
1758200787,0,0
1758200788,0,0
1758200789,0,0
1758200790,0,0
1758200791,0,0
1758200792,0,0
1758200793,0,0
1758200794,0,0
1758200795,0,0
1758200796,0,0
1758200797,0,0
1758200798,0,0
1758200799,0,0
1758200800,0,0
1758200801,0,0
1758200802,0,0
1758200803,0,0
1758200804,0,0
1758200805,0,0
1758200806,0,0
1758200807,0,0
1758200808,0,0
1758200809,0,0
1758200810,0,0
1758200811,0,0
1758200812,0,0
1758200813,0,0
1758200814,0,0
1758200815,0,0
1758200816,0,0
1758200817,0,0
1758200818,0,0
1758200819,0,0
1758200820,0,0
1758200821,0,0
1758200822,0,0
1758200823,0,0
1758200824,0,0
1758200825,0,0
1758200826,0,0
1758200827,0,0
1758200828,0,0
1758200829,0,0
1758200830,0,0
1758200831,0,0
1758200832,0,0
1758200833,0,0
1758200834,0,0
1758200835,0,0
1758200836,0,0
1758200837,0,0
1758200838,0,0
1758200839,0,0
1758200840,0,0
1758200841,0,0
1758200842,0,0
1758200843,0,0
1758200844,0,0
1758200845,0,0
1758200846,0,0
1758200847,0,0
1758200848,0,0
1758200849,0,0
1758200850,0,0
1758200851,0,0
1758200852,0,0
1758200853,0,0
1758200854,0,0
1758200855,0,0
1758200856,0,0
1758200857,0,0
1758200858,0,0
1758200859,0,0
1758200860,0,0
1758200861,0,0
1758200862,0,0
1758200863,0,0
1758200864,0,0
1758200865,0,0
1758200866,0,0
1758200867,0,0
1758200868,0,0
1758200869,0,0
1758200870,0,0
1758200871,0,0
1758200872,0,0
1758200873,0,0
1758200874,0,0
1758200875,0,0
1758200876,0,0
1758200877,0,0
1758200878,0,0
1758200879,0,0
1758200880,0,0
1758200881,0,0
1758200882,0,0
1758200883,0,0
1758200884,0,0
1758200885,0,0
1758200886,0,0
1758200887,0,0
1758200888,0,0
1758200889,0,0
1758200890,0,0
1758200891,0,0
1758200892,0,0
1758200893,0,0
1758200894,0,0
1758200895,0,0
1758200896,0,0
1758200897,0,0
1758200898,0,0
1758200899,0,0
1758200900,0,0
1758200901,0,0
1758200902,0,0
1758200903,0,0
1758200904,0,0
1758200905,0,0
1758200906,0,0
1758200907,0,0
1758200908,0,0
1758200909,0,0
1758200910,0,0
1758200911,0,0
1758200912,0,0
1758200913,0,0
1758200914,0,0
1758200915,0,0
1758200916,0,0
1758200917,0,0
1758200918,0,0
1758200919,0,0
1758200920,0,0
1758200921,0,0
1758200922,0,0
1758200923,0,0
1758200924,0,0
1758200925,0,0
1758200926,0,0
1758200927,0,0
1758200928,0,0
1758200929,0,0
1758200930,0,0
1758200931,0,0
1758200932,0,0
1758200933,0,0
1758200934,0,0
1758200935,0,0
1758200936,0,0
1758200937,0,0
1758200938,0,0
1758200939,0,0
1758200940,0,0
1758200941,0,0
1758200942,0,0
1758200943,0,0
1758200944,0,0
1758200945,0,0
1758200946,0,0
1758200947,0,0
1758200948,0,0
1758200949,0,0
1758200950,0,0
1758200951,0,0
1758200952,0,0
1758200953,0,0
1758200954,0,0
1758200955,0,0
1758200956,0,0
1758200957,0,0
1758200958,0,0
1758200959,0,0
1758200960,0,0
1758200961,0,0
1758200962,0,0
1758200963,0,0
1758200964,0,0
1758200965,0,0
1758200966,0,0
1758200967,0,0
1758200968,0,0
1758200969,0,0
1758200970,0,0
1758200971,0,0
1758200972,0,0
1758200973,0,0
1758200974,0,0
1758200975,0,0
1758200976,0,0
1758200977,0,0
1758200978,0,0
1758200979,0,0
1758200980,0,0
1758200981,0,0
1758200982,0,0
1758200983,0,0
1758200984,0,0
1758200985,0,0
1758200986,0,0
1758200987,0,0
1758200988,0,0
1758200989,0,0
1758200990,0,0
1758200991,0,0
1758200992,0,0
1758200993,0,0
1758200994,0,0
1758200995,0,0
1758200996,0,0
1758200997,0,0
1758200998,0,0
1758200999,0,0
1758201000,0,0
1758201001,0,0
1758201002,0,0
1758201003,0,0
1758201004,0,0
1758201005,0,0
1758201006,0,0
1758201007,0,0
1758201008,0,0
1758201009,0,0
1758201010,0,0
1758201011,0,0
1758201012,0,0
1758201013,0,0
1758201014,0,0
1758201015,0,0
1758201016,0,0
1758201017,0,0
1758201018,0,0
1758201019,0,0
1758201020,0,0
1758201021,0,0
1758201022,0,0
1758201023,0,0
1758201024,0,0
1758201025,0,0
1758201026,0,0
1758201027,0,0
1758201028,0,0
1758201029,0,0
1758201030,0,0
1758201031,0,0
1758201032,0,0
1758201033,0,0
1758201034,0,0
1758201035,0,0
1758201036,0,0
1758201037,0,0
1758201038,0,0
1758201039,0,0
1758201040,0,0
1758201041,0,0
1758201042,0,0
1758201043,0,0
1758201044,0,0
1758201045,0,0
1758201046,0,0
1758201047,0,0
1758201048,0,0
1758201049,0,0
1758201050,0,0
1758201051,0,0
1758201052,0,0
1758201053,0,0
1758201054,0,0
1758201055,0,0
1758201056,0,0
1758201057,0,0
1758201058,0,0
1758201059,0,0
1758201060,0,0
1758201061,0,0
1758201062,0,0
1758201063,0,0
1758201064,0,0
1758201065,0,0
1758201066,0,0
1758201067,0,0
1758201068,0,0
1758201069,0,0
1758201070,0,0
1758201071,0,0
1758201072,0,0
1758201073,0,0
1758201074,0,0
1758201075,0,0
1758201076,0,0
1758201077,0,0
1758201078,0,0
1758201079,0,0
1758201080,0,0
1758201081,0,0
1758201082,0,0
1758201083,0,0
1758201084,0,0
1758201085,0,0
1758201086,0,0
1758201087,0,0
1758201088,0,0
1758201089,0,0
1758201090,0,0
1758201091,0,0
1758201092,0,0
1758201093,0,0
1758201094,0,0
1758201095,0,0
1758201096,0,0
1758201097,0,0
1758201098,0,0
1758201099,0,0
1758201100,0,0
1758201101,0,0
1758201102,0,0
1758201103,0,0
1758201104,0,0
1758201105,0,0
1758201106,0,0
1758201107,0,0
1758201108,0,0
1758201109,0,0
1758201110,0,0
1758201111,0,0
1758201112,0,0
1758201113,0,0
1758201114,0,0
1758201115,0,0
1758201116,0,0
1758201117,0,0
1758201118,0,0
1758201119,0,0
1758201120,0,0
1758201121,0,0
1758201122,0,0
1758201123,0,0
1758201124,0,0
1758201125,0,0
1758201126,0,0
1758201127,0,0
1758201128,0,0
1758201129,0,0
1758201130,0,0
1758201131,0,0
1758201132,0,0
1758201133,0,0
1758201134,0,0
1758201135,0,0
1758201136,0,0
1758201137,0,0
1758201138,0,0
1758201139,0,0
1758201140,0,0
1758201141,0,0
1758201142,0,0
1758201143,0,0
1758201144,0,0
1758201145,0,0
1758201146,0,0
1758201147,0,0
1758201148,0,0
1758201149,0,0
1758201150,0,0
1758201151,0,0
1758201152,0,0
1758201153,0,0
1758201154,0,0
1758201155,0,0
1758201156,0,0
1758201157,0,0
1758201158,0,0
1758201159,0,0
1758201160,0,0
1758201161,0,0
1758201162,0,0
1758201163,0,0
1758201164,0,0
1758201165,0,0
1758201166,0,0
1758201167,0,0
1758201168,0,0
1758201169,0,0
1758201170,0,0
1758201171,0,0
1758201172,0,0
1758201173,0,0
1758201174,0,0
1758201175,0,0
1758201176,0,0
1758201177,0,0
1758201178,0,0
1758201179,0,0
1758201180,0,0
1758201181,0,0
1758201182,0,0
1758201183,0,0
1758201184,0,0
1758201185,0,0
1758201186,0,0
1758201187,0,0
1758201188,0,0
1758201189,0,0
1758201190,0,0
1758201191,0,0
1758201192,0,0
1758201193,0,0
1758201194,0,0
1758201195,0,0
1758201196,0,0
1758201197,0,0
1758201198,0,0
1758201199,0,0
1758201200,0,0
1758201201,0,0
1758201202,0,0
1758201203,0,0
1758201204,0,0
1758201205,0,0
1758201206,0,0
1758201207,0,0
1758201208,0,0
1758201209,0,0
1758201210,0,0
1758201211,0,0
1758201212,0,0
1758201213,0,0
1758201214,0,0
1758201215,0,0
1758201216,0,0
1758201217,0,0
1758201218,0,0
1758201219,0,0
1758201220,0,0
1758201221,0,0
1758201222,0,0
1758201223,0,0
1758201224,0,0
1758201225,0,0
1758201226,0,0
1758201227,0,0
1758201228,0,0
1758201229,0,0
1758201230,0,0
1758201231,0,0
1758201232,0,0
1758201233,0,0
1758201234,0,0
1758201235,0,0
1758201236,0,0
1758201237,0,0
1758201238,0,0
1758201239,0,0
1758201240,0,0
1758201241,0,0
1758201242,0,0
1758201243,0,0
1758201244,0,0
1758201245,0,0
1758201246,0,0
1758201247,0,0
1758201248,0,0
1758201249,0,0
1758201250,0,0
1758201251,0,0
1758201252,0,0
1758201253,0,0
1758201254,0,0
1758201255,0,0
1758201256,0,0
1758201257,0,0
1758201258,0,0
1758201259,0,0
1758201260,0,0
1758201261,0,0
1758201262,0,0
1758201263,0,0
1758201264,0,0
1758201265,0,0
1758201266,0,0
1758201267,0,0
1758201268,0,0
1758201269,0,0
1758201270,0,0
1758201271,0,0
1758201272,0,0
1758201273,0,0
1758201274,0,0
1758201275,0,0
1758201276,0,0
1758201277,0,0
1758201278,0,0
1758201279,0,0
1758201280,0,0
1758201281,0,0
1758201282,0,0
1758201283,0,0
1758201284,0,0
1758201285,0,0
1758201286,0,0
1758201287,0,0
1758201288,0,0
1758201289,0,0
1758201290,0,0
1758201291,0,0
1758201292,0,0
1758201293,0,0
1758201294,0,0
1758201295,0,0
1758201296,0,0
1758201297,0,0
1758201298,0,0
1758201299,0,0
1758201300,0,0
1758201301,0,0
1758201302,0,0
1758201303,0,0
1758201304,0,0
1758201305,0,0
1758201306,0,0
1758201307,0,0
1758201308,0,0
1758201309,0,0
1758201310,0,0
1758201311,0,0
1758201312,0,0
1758201313,0,0
1758201314,0,0
1758201315,0,0
1758201316,0,0
1758201317,0,0
1758201318,0,0
1758201319,0,0
1758201320,0,0
1758201321,0,0
1758201322,0,0
1758201323,0,0
1758201324,0,0
1758201325,0,0
1758201326,0,0
1758201327,0,0
1758201328,0,0
1758201329,0,0
1758201330,0,0
1758201331,0,0
1758201332,0,0
1758201333,0,0
1758201334,0,0
1758201335,0,0
1758201336,0,0
1758201337,0,0
1758201338,0,0
1758201339,0,0
1758201340,0,0
1758201341,0,0
1758201342,0,0
1758201343,0,0
1758201344,0,0
1758201345,0,0
1758201346,0,0
1758201347,0,0
1758201348,0,0
1758201349,0,0
1758201350,0,0
1758201351,0,0
1758201352,0,0
1758201353,0,0
1758201354,0,0
1758201355,0,0
1758201356,0,0
1758201357,0,0
1758201358,0,0
1758201359,0,0
1758201360,0,0
1758201361,0,0
1758201362,0,0
1758201363,0,0
1758201364,0,0
1758201365,0,0
1758201366,0,0
1758201367,0,0
1758201368,0,0
1758201369,0,0
1758201370,0,0
1758201371,0,0
1758201372,0,0
1758201373,0,0
1758201374,0,0
1758201375,0,0
1758201376,0,0
1758201377,0,0
1758201378,0,0
1758201379,0,0
1758201380,0,0
1758201381,0,0
1758201382,0,0
1758201383,0,0
1758201384,0,0
1758201385,0,0
1758201386,0,0
1758201387,0,0
1758201388,0,0
1758201389,0,0
1758201390,0,0
1758201391,0,0
1758201392,0,0
1758201393,0,0
1758201394,0,0
1758201395,0,0
1758201396,0,0
1758201397,0,0
1758201398,0,0
1758201399,0,0
1758201400,0,0
1758201401,0,0
1758201402,0,0
1758201403,0,0
1758201404,0,0
1758201405,0,0
1758201406,0,0
1758201407,0,0
1758201408,0,0
1758201409,0,0
1758201410,0,0
1758201411,0,0
1758201412,0,0
1758201413,0,0
1758201414,0,0
1758201415,0,0
1758201416,0,0
1758201417,0,0
1758201418,0,0
1758201419,0,0
1758201420,0,0
1758201421,0,0
1758201422,0,0
1758201423,0,0
1758201424,0,0
1758201425,0,0
1758201426,0,0
1758201427,0,0
1758201428,0,0
1758201429,0,0
1758201430,0,0
1758201431,0,0
1758201432,0,0
1758201433,0,0
1758201434,0,0
1758201435,0,0
1758201436,0,0
1758201437,0,0
1758201438,0,0
1758201439,0,0
1758201440,0,0
1758201441,0,0
1758201442,0,0
1758201443,0,0
1758201444,0,0
1758201445,0,0
1758201446,0,0
1758201447,0,0
1758201448,0,0
1758201449,0,0
1758201450,0,0
1758201451,0,0
1758201452,0,0
1758201453,0,0
1758201454,0,0
1758201455,0,0
1758201456,0,0
1758201457,0,0
1758201458,0,0
1758201459,0,0
1758201460,0,0
1758201461,0,0
1758201462,0,0
1758201463,0,0
1758201464,0,0
1758201465,0,0
1758201466,0,0
1758201467,0,0
1758201468,0,0
1758201469,0,0
1758201470,0,0
1758201471,0,0
1758201472,0,0
1758201473,0,0
1758201474,0,0
1758201475,0,0
1758201476,0,0
1758201477,0,0
1758201478,0,0
1758201479,0,0
1758201480,0,0
1758201481,0,0
1758201482,0,0
1758201483,0,0
1758201484,0,0
1758201485,0,0
1758201486,0,0
1758201487,0,0
1758201488,0,0
1758201489,0,0
1758201490,0,0
1758201491,0,0
1758201492,0,0
1758201493,0,0
1758201494,0,0
1758201495,0,0
1758201496,0,0
1758201497,0,0
1758201498,0,0
1758201499,0,0
1758201500,0,0
1758201501,0,0
1758201502,0,0
1758201503,0,0
1758201504,0,0
1758201505,0,0
1758201506,0,0
1758201507,0,0
1758201508,0,0
1758201509,0,0
1758201510,0,0
1758201511,0,0
1758201512,0,0
1758201513,0,0
1758201514,0,0
1758201515,0,0
1758201516,0,0
1758201517,0,0
1758201518,0,0
1758201519,0,0
1758201520,0,0
1758201521,0,0
1758201522,0,0
1758201523,0,0
1758201524,0,0
1758201525,0,0
1758201526,0,0
1758201527,0,0
1758201528,0,0
1758201529,0,0
1758201530,0,0
1758201531,0,0
1758201532,0,0
1758201533,0,0
1758201534,0,0
1758201535,0,0
1758201536,0,0
1758201537,0,0
1758201538,0,0
1758201539,0,0
1758201540,0,0
1758201541,0,0
1758201542,0,0
1758201543,0,0
1758201544,0,0
1758201545,0,0
1758201546,0,0
1758201547,0,0
1758201548,0,0
1758201549,0,0
1758201550,0,0
1758201551,0,0
1758201552,0,0
1758201553,0,0
1758201554,0,0
1758201555,0,0
1758201556,0,0
1758201557,0,0
1758201558,0,0
1758201559,0,0
1758201560,0,0
1758201561,0,0
1758201562,0,0
1758201563,0,0
1758201564,0,0
1758201565,0,0
1758201566,0,0
1758201567,0,0
1758201568,0,0
1758201569,0,0
1758201570,0,0
1758201571,0,0
1758201572,0,0
1758201573,0,0
1758201574,0,0
1758201575,0,0
1758201576,0,0
1758201577,0,0
1758201578,0,0
1758201579,0,0
1758201580,0,0
1758201581,0,0
1758201582,0,0
1758201583,0,0
1758201584,0,0
1758201585,0,0
1758201586,0,0
1758201587,0,0
1758201588,0,0
1758201589,0,0
1758201590,0,0
1758201591,0,0
1758201592,0,0
1758201593,0,0
1758201594,0,0
1758201595,0,0
1758201596,0,0
1758201597,0,0
1758201598,0,0
1758201599,0,0
1758201600,0,0
1758201601,0,0
1758201602,0,0
1758201603,0,0
1758201604,0,0
1758201605,0,0
1758201606,0,0
1758201607,0,0
1758201608,0,0
1758201609,0,0
1758201610,0,0
1758201611,0,0
1758201612,0,0
1758201613,0,0
1758201614,0,0
1758201615,0,0
1758201616,0,0
1758201617,0,0
1758201618,0,0
1758201619,0,0
1758201620,0,0
1758201621,0,0
1758201622,0,0
1758201623,0,0
1758201624,0,0
1758201625,0,0
1758201626,0,0
1758201627,0,0
1758201628,0,0
1758201629,0,0
1758201630,0,0
1758201631,0,0
1758201632,0,0
1758201633,0,0
1758201634,0,0
1758201635,0,0
1758201636,0,0
1758201637,0,0
1758201638,0,0
1758201639,0,0
1758201640,0,0
1758201641,0,0
1758201642,0,0
1758201643,0,0
1758201644,0,0
1758201645,0,0
1758201646,0,0
1758201647,0,0
1758201648,0,0
1758201649,0,0
1758201650,0,0
1758201651,0,0
1758201652,0,0
1758201653,0,0
1758201654,0,0
1758201655,0,0
1758201656,0,0
1758201657,0,0
1758201658,0,0
1758201659,0,0
1758201660,0,0
1758201661,0,0
1758201662,0,0
1758201663,0,0
1758201664,0,0
1758201665,0,0
1758201666,0,0
1758201667,0,0
1758201668,0,0
1758201669,0,0
1758201670,0,0
1758201671,0,0
1758201672,0,0
1758201673,0,0
1758201674,0,0
1758201675,0,0
1758201676,0,0
1758201677,0,0
1758201678,0,0
1758201679,0,0
1758201680,0,0
1758201681,0,0
1758201682,0,0
1758201683,0,0
1758201684,0,0
1758201685,0,0
1758201686,0,0
1758201687,0,0
1758201688,0,0
1758201689,0,0
1758201690,0,0
1758201691,0,0
1758201692,0,0
1758201693,0,0
1758201694,0,0
1758201695,0,0
1758201696,0,0
1758201697,0,0
1758201698,0,0
1758201699,0,0
1758201700,0,0
1758201701,0,0
1758201702,0,0
1758201703,0,0
1758201704,0,0
1758201705,0,0
1758201706,0,0
1758201707,0,0
1758201708,0,0
1758201709,0,0
1758201710,0,0
1758201711,0,0
1758201712,0,0
1758201713,0,0
1758201714,0,0
1758201715,0,0
1758201716,0,0
1758201717,0,0
1758201718,0,0
1758201719,0,0
1758201720,0,0
1758201721,0,0
1758201722,0,0
1758201723,0,0
1758201724,0,0
1758201725,0,0
1758201726,0,0
1758201727,0,0
1758201728,0,0
1758201729,0,0
1758201730,0,0
1758201731,0,0
1758201732,0,0
1758201733,0,0
1758201734,0,0
1758201735,0,0
1758201736,0,0
1758201737,0,0
1758201738,0,0
1758201739,0,0
1758201740,0,0
1758201741,0,0
1758201742,0,0
1758201743,0,0
1758201744,0,0
1758201745,0,0
1758201746,0,0
1758201747,0,0
1758201748,0,0
1758201749,0,0
1758201750,0,0
1758201751,0,0
1758201752,0,0
1758201753,0,0
1758201754,0,0
1758201755,0,0
1758201756,0,0
1758201757,0,0
1758201758,0,0
1758201759,0,0
1758201760,0,0
1758201761,0,0
1758201762,0,0
1758201763,0,0
1758201764,0,0
1758201765,0,0
1758201766,0,0
1758201767,0,0
1758201768,0,0
1758201769,0,0
1758201770,0,0
1758201771,0,0
1758201772,0,0
1758201773,0,0
1758201774,0,0
1758201775,0,0
1758201776,0,0
1758201777,0,0
1758201778,0,0
1758201779,0,0
1758201780,0,0
1758201781,0,0
1758201782,0,0
1758201783,0,0
1758201784,0,0
1758201785,0,0
1758201786,0,0
1758201787,0,0
1758201788,0,0
1758201789,0,0
1758201790,0,0
1758201791,0,0
1758201792,0,0
1758201793,0,0
1758201794,0,0
1758201795,0,0
1758201796,0,0
1758201797,0,0
1758201798,0,0
1758201799,0,0
1758201800,0,0
1758201801,0,0
1758201802,0,0
1758201803,0,0
1758201804,0,0
1758201805,0,0
1758201806,0,0
1758201807,0,0
1758201808,0,0
1758201809,0,0
1758201810,0,0
1758201811,0,0
1758201812,0,0
1758201813,0,0
1758201814,0,0
1758201815,0,0
1758201816,0,0
1758201817,0,0
1758201818,0,0
1758201819,0,0
1758201820,0,0
1758201821,0,0
1758201822,0,0
1758201823,0,0
1758201824,0,0
1758201825,0,0
1758201826,0,0
1758201827,0,0
1758201828,0,0
1758201829,0,0
1758201830,0,0
1758201831,0,0
1758201832,0,0
1758201833,0,0
1758201834,0,0
1758201835,0,0
1758201836,0,0
1758201837,0,0
1758201838,0,0
1758201839,0,0
1758201840,0,0
1758201841,0,0
1758201842,0,0
1758201843,0,0
1758201844,0,0
1758201845,0,0
1758201846,0,0
1758201847,0,0
1758201848,0,0
1758201849,0,0
1758201850,0,0
1758201851,0,0
1758201852,0,0
1758201853,0,0
1758201854,0,0
1758201855,0,0
1758201856,0,0
1758201857,0,0
1758201858,0,0
1758201859,0,0
1758201860,0,0
1758201861,0,0
1758201862,0,0
1758201863,0,0
1758201864,0,0
1758201865,0,0
1758201866,0,0
1758201867,0,0
1758201868,0,0
1758201869,0,0
1758201870,0,0
1758201871,0,0
1758201872,0,0
1758201873,0,0
1758201874,0,0
1758201875,0,0
1758201876,0,0
1758201877,0,0
1758201878,0,0
1758201879,0,0
1758201880,0,0
1758201881,0,0
1758201882,0,0
1758201883,0,0
1758201884,0,0
1758201885,0,0
1758201886,0,0
1758201887,0,0
1758201888,0,0
1758201889,0,0
1758201890,0,0
1758201891,0,0
1758201892,0,0
1758201893,0,0
1758201894,0,0
1758201895,0,0
1758201896,0,0
1758201897,0,0
1758201898,0,0
1758201899,0,0
1758201900,0,0
1758201901,0,0
1758201902,0,0
1758201903,0,0
1758201904,0,0
1758201905,0,0
1758201906,0,0
1758201907,0,0
1758201908,0,0
1758201909,0,0
1758201910,0,0
1758201911,0,0
1758201912,0,0
1758201913,0,0
1758201914,0,0
1758201915,0,0
1758201916,0,0
1758201917,0,0
1758201918,0,0
1758201919,0,0
1758201920,0,0
1758201921,0,0
1758201922,0,0
1758201923,0,0
1758201924,0,0
1758201925,0,0
1758201926,0,0
1758201927,128,128
1758201928,0,128
1758201929,0,128
1758201930,0,128
1758201931,0,128
1758201932,0,128
1758201933,0,128
1758201934,32,160
1758201935,0,160
1758201936,64,224
1758201937,32,256
1758201938,0,256
1758201939,0,256
1758201940,0,256
1758201941,0,256
1758201942,32,288
1758201943,0,288
1758201944,0,288
1758201945,64,352
1758201946,32,384
1758201947,0,384
1758201948,0,384
1758201949,32,416
1758201950,0,416
1758201951,0,416
1758201952,0,416
1758201953,0,416
1758201954,32,448
1758201955,64,512
1758201956,32,544
1758201957,0,544
1758201958,0,544
1758201959,0,544
1758201960,0,544
1758201961,0,544
1758201962,0,544
1758201963,128,672
1758201964,0,672
1758201965,0,672
1758201966,0,672
1758201967,0,672
1758201968,0,672
1758201969,0,672
1758201970,64,736
1758201971,0,736
1758201972,64,800
1758201973,0,800
1758201974,0,800
1758201975,0,800
1758201976,0,800
1758201977,32,832
1758201978,32,864
1758201979,32,896
1758201980,32,928
1758201981,0,928
1758201982,0,928
1758201983,0,928
1758201984,32,960
1758201985,32,992
1758201986,32,1024
1758201987,32,1056
1758201988,0,1056
1758201989,0,1056
1758201990,0,1056
1758201991,0,1056
1758201992,64,1120
1758201993,32,1152
1758201994,32,1184
1758201995,0,1184
1758201996,0,1184
1758201997,0,1184
1758201998,0,1184
1758201999,64,1248
1758202000,32,1280
1758202001,32,1312
1758202002,0,1312
1758202003,0,1312
1758202004,0,1312
1758202005,0,1312
1758202006,64,1376
1758202007,0,1376
1758202008,32,1408
1758202009,32,1440
1758202010,0,1440
1758202011,0,1440
1758202012,0,1440
1758202013,0,1440
1758202014,32,1472
1758202015,32,1504
1758202016,32,1536
1758202017,32,1568
1758202018,0,1568
1758202019,0,1568
1758202020,0,1568
1758202021,64,1632
1758202022,0,1632
1758202023,32,1664
1758202024,32,1696
1758202025,0,1696
1758202026,0,1696
1758202027,0,1696
1758202028,32,1728
1758202029,32,1760
1758202030,32,1792
1758202031,32,1824
1758202032,0,1824
1758202033,0,1824
1758202034,0,1824
1758202035,64,1888
1758202036,0,1888
1758202037,32,1920
1758202038,0,1920
1758202039,32,1952
1758202040,0,1952
1758202041,0,1952
1758202042,32,1984
1758202043,32,2016
1758202044,32,2048
1758202045,0,2048
1758202046,0,2048
1758202047,32,2080
1758202048,0,2080
1758202049,32,2112
1758202050,0,2112
1758202051,0,2112
1758202052,64,2176
1758202053,0,2176
1758202054,32,2208
1758202055,0,2208
1758202056,0,2208
1758202057,32,2240
1758202058,0,2240
1758202059,32,2272
1758202060,32,2304
1758202061,32,2336
1758202062,0,2336
1758202063,0,2336
1758202064,32,2368
1758202065,0,2368
1758202066,32,2400
1758202067,32,2432
1758202068,32,2464
1758202069,0,2464
1758202070,0,2464
1758202071,0,2464
1758202072,32,2496
1758202073,0,2496
1758202074,0,2496
1758202075,64,2560
1758202076,32,2592
1758202077,0,2592
1758202078,0,2592
1758202079,32,2624
1758202080,0,2624
1758202081,0,2624
1758202082,0,2624
1758202083,32,2656
1758202084,64,2720
1758202085,0,2720
1758202086,0,2720
1758202087,0,2720
1758202088,32,2752
1758202089,0,2752
1758202090,32,2784
1758202091,0,2784
1758202092,32,2816
1758202093,32,2848
1758202094,0,2848
1758202095,32,2880
1758202096,0,2880
1758202097,0,2880
1758202098,32,2912
1758202099,0,2912
1758202100,0,2912
1758202101,64,2976
1758202102,32,3008
1758202103,0,3008
1758202104,0,3008
1758202105,32,3040
1758202106,0,3040
1758202107,0,3040
1758202108,0,3040
1758202109,96,3136
1758202110,0,3136
1758202111,0,3136
1758202112,32,3168
1758202113,0,3168
1758202114,0,3168
1758202115,0,3168
1758202116,32,3200
1758202117,64,3264
1758202118,0,3264
1758202119,32,3296
1758202120,0,3296
1758202121,0,3296
1758202122,0,3296
1758202123,0,3296
1758202124,32,3328
1758202125,64,3392
1758202126,32,3424
1758202127,0,3424
1758202128,0,3424
1758202129,0,3424
1758202130,32,3456
1758202131,0,3456
1758202132,0,3456
1758202133,32,3488
1758202134,64,3552
1758202135,0,3552
1758202136,0,3552
1758202137,32,3584
1758202138,0,3584
1758202139,0,3584
1758202140,32,3616
1758202141,32,3648
1758202142,32,3680
1758202143,0,3680
1758202144,0,3680
1758202145,32,3712
1758202146,0,3712
1758202147,0,3712
1758202148,0,3712
1758202149,64,3776
1758202150,32,3808
1758202151,0,3808
1758202152,32,3840
1758202153,0,3840
1758202154,0,3840
1758202155,0,3840
1758202156,0,3840
1758202157,64,3904
1758202158,32,3936
1758202159,0,3936
1758202160,32,3968
1758202161,0,3968
1758202162,0,3968
1758202163,0,3968
1758202164,32,4000
1758202165,0,4000
1758202166,64,4064
1758202167,32,4096
1758202168,0,4096
1758202169,0,4096
1758202170,0,4096
1758202171,32,4128
1758202172,0,4128
1758202173,0,4128
1758202174,96,4224
1758202175,0,4224
1758202176,0,4224
1758202177,0,4224
1758202178,0,4224
1758202179,32,4256
1758202180,0,4256
1758202181,32,4288
1758202182,64,4352
1758202183,0,4352
1758202184,0,4352
1758202185,0,4352
1758202186,32,4384
1758202187,0,4384
1758202188,32,4416
1758202189,64,4480
1758202190,0,4480
1758202191,0,4480
1758202192,0,4480
1758202193,32,4512
1758202194,0,4512
1758202195,64,4576
1758202196,32,4608
1758202197,0,4608
1758202198,0,4608
1758202199,0,4608
1758202200,0,4608
1758202201,32,4640
1758202202,32,4672
1758202203,64,4736
1758202204,0,4736
1758202205,0,4736
1758202206,0,4736
1758202207,0,4736
1758202208,0,4736
1758202209,96,4832
1758202210,32,4864
1758202211,0,4864
1758202212,0,4864
1758202213,0,4864
1758202214,0,4864
1758202215,0,4864
1758202216,64,4928
1758202217,64,4992
1758202218,0,4992
1758202219,0,4992
1758202220,0,4992
1758202221,0,4992
1758202222,0,4992
1758202223,32,5024
1758202224,64,5088
1758202225,32,5120
1758202226,0,5120
1758202227,0,5120
1758202228,0,5120
1758202229,0,5120
1758202230,32,5152
1758202231,32,5184
1758202232,32,5216
1758202233,32,5248
1758202234,0,5248
1758202235,0,5248
1758202236,0,5248
1758202237,32,5280
1758202238,0,5280
1758202239,32,5312
1758202240,64,5376
1758202241,0,5376
1758202242,0,5376
1758202243,0,5376
1758202244,32,5408
1758202245,0,5408
1758202246,32,5440
1758202247,0,5440
1758202248,64,5504
1758202249,0,5504
1758202250,0,5504
1758202251,0,5504
1758202252,32,5536
1758202253,32,5568
1758202254,0,5568
1758202255,0,5568
1758202256,64,5632
1758202257,0,5632
1758202258,32,5664
1758202259,0,5664
1758202260,0,5664
1758202261,32,5696
1758202262,0,5696
1758202263,0,5696
1758202264,64,5760
1758202265,32,5792
1758202266,0,5792
1758202267,0,5792
1758202268,0,5792
1758202269,32,5824
1758202270,0,5824
1758202271,32,5856
1758202272,32,5888
1758202273,32,5920
1758202274,0,5920
1758202275,0,5920
1758202276,32,5952
1758202277,0,5952
1758202278,0,5952
1758202279,32,5984
1758202280,64,6048
1758202281,0,6048
1758202282,0,6048
1758202283,0,6048
1758202284,32,6080
1758202285,0,6080
1758202286,32,6112
1758202287,32,6144
1758202288,32,6176
1758202289,0,6176
1758202290,0,6176
1758202291,32,6208
1758202292,0,6208
1758202293,32,6240
1758202294,0,6240
1758202295,0,6240
1758202296,64,6304
1758202297,0,6304
1758202298,32,6336
1758202299,0,6336
1758202300,0,6336
1758202301,32,6368
1758202302,0,6368
1758202303,32,6400
1758202304,32,6432
1758202305,0,6432
1758202306,32,6464
1758202307,0,6464
1758202308,32,6496
1758202309,0,6496
1758202310,0,6496
1758202311,32,6528
1758202312,32,6560
1758202313,32,6592
1758202314,0,6592
1758202315,32,6624
1758202316,0,6624
1758202317,0,6624
1758202318,32,6656
1758202319,32,6688
1758202320,32,6720
1758202321,0,6720
1758202322,32,6752
1758202323,0,6752
1758202324,0,6752
1758202325,0,6752
1758202326,32,6784
1758202327,64,6848
1758202328,0,6848
1758202329,0,6848
1758202330,32,6880
1758202331,0,6880
1758202332,0,6880
1758202333,0,6880
1758202334,64,6944
1758202335,32,6976
1758202336,0,6976
1758202337,32,7008
1758202338,0,7008
1758202339,0,7008
1758202340,0,7008
1758202341,32,7040
1758202342,64,7104
1758202343,0,7104
1758202344,32,7136
1758202345,0,7136
1758202346,0,7136
1758202347,0,7136
1758202348,32,7168
1758202349,0,7168
1758202350,64,7232
1758202351,0,7232
1758202352,32,7264
1758202353,0,7264
1758202354,0,7264
1758202355,32,7296
1758202356,0,7296
1758202357,32,7328
1758202358,32,7360
1758202359,32,7392
1758202360,0,7392
1758202361,0,7392
1758202362,32,7424
1758202363,0,7424
1758202364,32,7456
1758202365,32,7488
1758202366,0,7488
1758202367,32,7520
1758202368,0,7520
1758202369,32,7552
1758202370,0,7552
1758202371,32,7584
1758202372,32,7616
1758202373,0,7616
1758202374,32,7648
1758202375,0,7648
1758202376,32,7680
1758202377,0,7680
1758202378,32,7712
1758202379,32,7744
1758202380,0,7744
1758202381,32,7776
1758202382,0,7776
1758202383,32,7808
1758202384,0,7808
1758202385,0,7808
1758202386,64,7872
1758202387,0,7872
1758202388,32,7904
1758202389,0,7904
1758202390,32,7936
1758202391,0,7936
1758202392,0,7936
1758202393,0,7936
1758202394,32,7968
1758202395,32,8000
1758202396,32,8032
1758202397,0,8032
1758202398,32,8064
1758202399,0,8064
1758202400,0,8064
1758202401,0,8064
1758202402,0,8064
1758202403,0,8064
1758202404,96,8160
1758202405,32,8192
1758202406,0,8192
1758202407,0,8192
1758202408,0,8192
1758202409,0,8192
1758202410,0,8192
1758202411,32,8224
1758202412,32,8256
1758202413,64,8320
1758202414,0,8320
1758202415,0,8320
1758202416,0,8320
1758202417,0,8320
1758202418,0,8320
1758202419,64,8384
1758202420,32,8416
1758202421,32,8448
1758202422,0,8448
1758202423,0,8448
1758202424,0,8448
1758202425,0,8448
1758202426,64,8512
1758202427,0,8512
1758202428,32,8544
1758202429,32,8576
1758202430,0,8576
1758202431,0,8576
1758202432,0,8576
1758202433,64,8640
1758202434,0,8640
1758202435,0,8640
1758202436,32,8672
1758202437,32,8704
1758202438,0,8704
1758202439,0,8704
1758202440,64,8768
1758202441,0,8768
1758202442,0,8768
1758202443,32,8800
1758202444,0,8800
1758202445,32,8832
1758202446,0,8832
1758202447,32,8864
1758202448,32,8896
1758202449,0,8896
1758202450,0,8896
1758202451,32,8928
1758202452,32,8960
1758202453,0,8960
1758202454,32,8992
1758202455,32,9024
1758202456,0,9024
1758202457,0,9024
1758202458,32,9056
1758202459,0,9056
1758202460,32,9088
1758202461,32,9120
1758202462,32,9152
1758202463,0,9152
1758202464,0,9152
1758202465,32,9184
1758202466,0,9184
1758202467,32,9216
1758202468,32,9248
1758202469,0,9248
1758202470,32,9280
1758202471,0,9280
1758202472,32,9312
1758202473,0,9312
1758202474,32,9344
1758202475,0,9344
1758202476,32,9376
1758202477,32,9408
1758202478,0,9408
1758202479,32,9440
1758202480,0,9440
1758202481,32,9472
1758202482,0,9472
1758202483,32,9504
1758202484,32,9536
1758202485,0,9536
1758202486,32,9568
1758202487,0,9568
1758202488,32,9600
1758202489,0,9600
1758202490,0,9600
1758202491,32,9632
1758202492,32,9664
1758202493,32,9696
1758202494,0,9696
1758202495,32,9728
1758202496,0,9728
1758202497,0,9728
1758202498,32,9760
1758202499,32,9792
1758202500,32,9824
1758202501,0,9824
1758202502,0,9824
1758202503,32,9856
1758202504,0,9856
1758202505,32,9888
1758202506,32,9920
1758202507,32,9952
1758202508,0,9952
1758202509,32,9984
1758202510,0,9984
1758202511,0,9984
1758202512,64,10048
1758202513,0,10048
1758202514,32,10080
1758202515,0,10080
1758202516,32,10112
1758202517,0,10112
1758202518,0,10112
1758202519,32,10144
1758202520,0,10144
1758202521,64,10208
1758202522,0,10208
1758202523,0,10208
1758202524,32,10240
1758202525,32,10272
1758202526,0,10272
1758202527,0,10272
1758202528,0,10272
1758202529,64,10336
1758202530,0,10336
1758202531,32,10368
1758202532,32,10400
1758202533,0,10400
1758202534,0,10400
1758202535,0,10400
1758202536,0,10400
1758202537,64,10464
1758202538,32,10496
1758202539,32,10528
1758202540,0,10528
1758202541,0,10528
1758202542,0,10528
1758202543,0,10528
1758202544,0,10528
1758202545,0,10528
1758202546,0,10528
1758202547,128,10656
1758202548,0,10656
1758202549,0,10656
1758202550,0,10656
1758202551,0,10656
1758202552,0,10656
1758202553,0,10656
1758202554,32,10688
1758202555,32,10720
1758202556,64,10784
1758202557,0,10784
1758202558,0,10784
1758202559,0,10784
1758202560,0,10784
1758202561,0,10784
1758202562,32,10816
1758202563,0,10816
1758202564,0,10816
1758202565,96,10912
1758202566,0,10912
1758202567,0,10912
1758202568,0,10912
1758202569,32,10944
1758202570,0,10944
1758202571,0,10944
1758202572,0,10944
1758202573,0,10944
1758202574,96,11040
1758202575,0,11040
1758202576,0,11040
1758202577,32,11072
1758202578,0,11072
1758202579,0,11072
1758202580,0,11072
1758202581,32,11104
1758202582,0,11104
1758202583,64,11168
1758202584,32,11200
1758202585,0,11200
1758202586,0,11200
1758202587,0,11200
1758202588,32,11232
1758202589,0,11232
1758202590,64,11296
1758202591,0,11296
1758202592,32,11328
1758202593,0,11328
1758202594,0,11328
1758202595,32,11360
1758202596,0,11360
1758202597,32,11392
1758202598,32,11424
1758202599,32,11456
1758202600,0,11456
1758202601,0,11456
1758202602,32,11488
1758202603,0,11488
1758202604,0,11488
1758202605,0,11488
1758202606,96,11584
1758202607,0,11584
1758202608,0,11584
1758202609,32,11616
1758202610,0,11616
1758202611,0,11616
1758202612,0,11616
1758202613,64,11680
1758202614,32,11712
1758202615,0,11712
1758202616,32,11744
1758202617,0,11744
1758202618,0,11744
1758202619,0,11744
1758202620,64,11808
1758202621,32,11840
1758202622,0,11840
1758202623,32,11872
1758202624,0,11872
1758202625,0,11872
1758202626,0,11872
1758202627,64,11936
1758202628,32,11968
1758202629,0,11968
1758202630,32,12000
1758202631,0,12000
1758202632,0,12000
1758202633,0,12000
1758202634,64,12064
1758202635,0,12064
1758202636,32,12096
1758202637,0,12096
1758202638,32,12128
1758202639,0,12128
1758202640,0,12128
1758202641,32,12160
1758202642,32,12192
1758202643,32,12224
1758202644,0,12224
1758202645,32,12256
1758202646,0,12256
1758202647,0,12256
1758202648,0,12256
1758202649,64,12320
1758202650,0,12320
1758202651,32,12352
1758202652,32,12384
1758202653,0,12384
1758202654,0,12384
1758202655,0,12384
1758202656,32,12416
1758202657,32,12448
1758202658,0,12448
1758202659,32,12480
1758202660,32,12512
1758202661,0,12512
1758202662,0,12512
1758202663,0,12512
1758202664,64,12576
1758202665,0,12576
1758202666,0,12576
1758202667,32,12608
1758202668,32,12640
1758202669,0,12640
1758202670,0,12640
1758202671,64,12704
1758202672,0,12704
1758202673,0,12704
1758202674,32,12736
1758202675,32,12768
1758202676,0,12768
1758202677,0,12768
1758202678,64,12832
1758202679,0,12832
1758202680,0,12832
1758202681,32,12864
1758202682,32,12896
1758202683,0,12896
1758202684,0,12896
1758202685,64,12960
1758202686,0,12960
1758202687,32,12992
1758202688,0,12992
1758202689,32,13024
1758202690,0,13024
1758202691,0,13024
1758202692,32,13056
1758202693,32,13088
1758202694,32,13120
1758202695,0,13120
1758202696,32,13152
1758202697,0,13152
1758202698,0,13152
1758202699,32,13184
1758202700,32,13216
1758202701,32,13248
1758202702,32,13280
1758202703,0,13280
1758202704,0,13280
1758202705,0,13280
1758202706,32,13312
1758202707,32,13344
1758202708,32,13376
1758202709,32,13408
1758202710,0,13408
1758202711,0,13408
1758202712,0,13408
1758202713,64,13472
1758202714,0,13472
1758202715,0,13472
1758202716,32,13504
1758202717,32,13536
1758202718,0,13536
1758202719,0,13536
1758202720,32,13568
1758202721,32,13600
1758202722,0,13600
1758202723,32,13632
1758202724,32,13664
1758202725,0,13664
1758202726,0,13664
1758202727,0,13664
1758202728,64,13728
1758202729,0,13728
1758202730,0,13728
1758202731,64,13792
1758202732,0,13792
1758202733,0,13792
1758202734,0,13792
1758202735,64,13856
1758202736,0,13856
1758202737,0,13856
1758202738,32,13888
1758202739,32,13920
1758202740,0,13920
1758202741,0,13920
1758202742,32,13952
1758202743,32,13984
1758202744,0,13984
1758202745,0,13984
1758202746,64,14048
1758202747,0,14048
1758202748,0,14048
1758202749,32,14080
1758202750,32,14112
1758202751,0,14112
1758202752,0,14112
1758202753,32,14144
1758202754,32,14176
1758202755,32,14208
1758202756,0,14208
1758202757,32,14240
1758202758,0,14240
1758202759,0,14240
1758202760,32,14272
1758202761,0,14272
1758202762,64,14336
1758202763,0,14336
1758202764,32,14368
1758202765,0,14368
1758202766,0,14368
1758202767,32,14400
1758202768,0,14400
1758202769,0,14400
1758202770,64,14464
1758202771,0,14464
1758202772,32,14496
1758202773,0,14496
1758202774,32,14528
1758202775,0,14528
1758202776,0,14528
1758202777,0,14528
1758202778,64,14592
1758202779,32,14624
1758202780,0,14624
1758202781,32,14656
1758202782,0,14656
1758202783,0,14656
1758202784,0,14656
1758202785,32,14688
1758202786,64,14752
1758202787,0,14752
1758202788,32,14784
1758202789,0,14784
1758202790,0,14784
1758202791,0,14784
1758202792,32,14816
1758202793,0,14816
1758202794,64,14880
1758202795,32,14912
1758202796,0,14912
1758202797,0,14912
1758202798,0,14912
1758202799,32,14944
1758202800,0,14944
1758202801,0,14944
1758202802,32,14976
1758202803,64,15040
1758202804,0,15040
1758202805,0,15040
1758202806,32,15072
1758202807,0,15072
1758202808,0,15072
1758202809,0,15072
1758202810,32,15104
1758202811,64,15168
1758202812,0,15168
1758202813,32,15200
1758202814,0,15200
1758202815,0,15200
1758202816,0,15200
1758202817,32,15232
1758202818,0,15232
1758202819,0,15232
1758202820,96,15328
1758202821,0,15328
1758202822,0,15328
1758202823,0,15328
1758202824,0,15328
1758202825,32,15360
1758202826,32,15392
1758202827,0,15392
1758202828,64,15456
1758202829,0,15456
1758202830,0,15456
1758202831,32,15488
1758202832,0,15488
1758202833,0,15488
1758202834,32,15520
1758202835,64,15584
1758202836,0,15584
1758202837,0,15584
1758202838,32,15616
1758202839,0,15616
1758202840,0,15616
1758202841,32,15648
1758202842,32,15680
1758202843,32,15712
1758202844,0,15712
1758202845,32,15744
1758202846,0,15744
1758202847,0,15744
1758202848,32,15776
1758202849,0,15776
1758202850,32,15808
1758202851,32,15840
1758202852,32,15872
1758202853,0,15872
1758202854,0,15872
1758202855,32,15904
1758202856,0,15904
1758202857,0,15904
1758202858,32,15936
1758202859,32,15968
1758202860,32,16000
1758202861,0,16000
1758202862,32,16032
1758202863,0,16032
1758202864,0,16032
1758202865,0,16032
1758202866,0,16032
1758202867,96,16128
1758202868,0,16128
1758202869,32,16160
1758202870,0,16160
1758202871,0,16160
1758202872,0,16160
1758202873,0,16160
1758202874,0,16160
1758202875,0,16160
1758202876,128,16288
1758202877,0,16288
1758202878,0,16288
1758202879,0,16288
1758202880,0,16288
1758202881,0,16288
1758202882,0,16288
1758202883,32,16320
1758202884,64,16384
1758202885,32,16416
1758202886,0,16416
1758202887,0,16416
1758202888,0,16416
1758202889,0,16416
1758202890,32,16448
1758202891,0,16448
1758202892,32,16480
1758202893,64,16544
1758202894,0,16544
1758202895,0,16544
1758202896,0,16544
1758202897,32,16576
1758202898,0,16576
1758202899,0,16576
1758202900,32,16608
1758202901,0,16608
1758202902,64,16672
1758202903,0,16672
1758202904,32,16704
1758202905,0,16704
1758202906,0,16704
1758202907,32,16736
1758202908,32,16768
1758202909,32,16800
1758202910,0,16800
1758202911,32,16832
1758202912,0,16832
1758202913,0,16832
1758202914,32,16864
1758202915,0,16864
1758202916,32,16896
1758202917,32,16928
1758202918,32,16960
1758202919,0,16960
1758202920,0,16960
1758202921,32,16992
1758202922,0,16992
1758202923,0,16992
1758202924,32,17024
1758202925,64,17088
1758202926,0,17088
1758202927,0,17088
1758202928,32,17120
1758202929,0,17120
1758202930,0,17120
1758202931,0,17120
1758202932,96,17216
1758202933,0,17216
1758202934,0,17216
1758202935,32,17248
1758202936,0,17248
1758202937,0,17248
1758202938,32,17280
1758202939,0,17280
1758202940,64,17344
1758202941,0,17344
1758202942,0,17344
1758202943,32,17376
1758202944,0,17376
1758202945,0,17376
1758202946,64,17440
1758202947,32,17472
1758202948,0,17472
1758202949,0,17472
1758202950,32,17504
1758202951,0,17504
1758202952,0,17504
1758202953,32,17536
1758202954,64,17600
1758202955,0,17600
1758202956,0,17600
1758202957,32,17632
1758202958,0,17632
1758202959,0,17632
1758202960,32,17664
1758202961,0,17664
1758202962,64,17728
1758202963,0,17728
1758202964,32,17760
1758202965,0,17760
1758202966,0,17760
1758202967,32,17792
1758202968,0,17792
1758202969,0,17792
1758202970,0,17792
1758202971,96,17888
1758202972,0,17888
1758202973,0,17888
1758202974,32,17920
1758202975,0,17920
1758202976,0,17920
1758202977,0,17920
1758202978,0,17920
1758202979,64,17984
1758202980,32,18016
1758202981,32,18048
1758202982,0,18048
1758202983,0,18048
1758202984,0,18048
1758202985,32,18080
1758202986,0,18080
1758202987,0,18080
1758202988,96,18176
1758202989,0,18176
1758202990,0,18176
1758202991,0,18176
1758202992,32,18208
1758202993,0,18208
1758202994,0,18208
1758202995,64,18272
1758202996,32,18304
1758202997,0,18304
1758202998,0,18304
1758202999,32,18336
1758203000,0,18336
1758203001,0,18336
1758203002,64,18400
1758203003,32,18432
1758203004,0,18432
1758203005,0,18432
1758203006,0,18432
1758203007,32,18464
1758203008,0,18464
1758203009,64,18528
1758203010,32,18560
1758203011,0,18560
1758203012,0,18560
1758203013,0,18560
1758203014,32,18592
1758203015,0,18592
1758203016,64,18656
1758203017,32,18688
1758203018,0,18688
1758203019,0,18688
1758203020,0,18688
1758203021,32,18720
1758203022,0,18720
1758203023,32,18752
1758203024,64,18816
1758203025,0,18816
1758203026,0,18816
1758203027,0,18816
1758203028,32,18848
1758203029,0,18848
1758203030,0,18848
1758203031,64,18912
1758203032,32,18944
1758203033,0,18944
1758203034,0,18944
1758203035,32,18976
1758203036,0,18976
1758203037,0,18976
1758203038,64,19040
1758203039,32,19072
1758203040,0,19072
1758203041,0,19072
1758203042,32,19104
1758203043,0,19104
1758203044,0,19104
1758203045,64,19168
1758203046,32,19200
1758203047,0,19200
1758203048,0,19200
1758203049,0,19200
1758203050,32,19232
1758203051,0,19232
1758203052,0,19232
1758203053,96,19328
1758203054,0,19328
1758203055,0,19328
1758203056,32,19360
1758203057,0,19360
1758203058,0,19360
1758203059,0,19360
1758203060,64,19424
1758203061,32,19456
1758203062,0,19456
1758203063,32,19488
1758203064,0,19488
1758203065,0,19488
1758203066,0,19488
1758203067,32,19520
1758203068,64,19584
1758203069,0,19584
1758203070,32,19616
1758203071,0,19616
1758203072,0,19616
1758203073,0,19616
1758203074,32,19648
1758203075,32,19680
1758203076,32,19712
1758203077,32,19744
1758203078,0,19744
1758203079,0,19744
1758203080,0,19744
1758203081,32,19776
1758203082,0,19776
1758203083,32,19808
1758203084,32,19840
1758203085,32,19872
1758203086,0,19872
1758203087,0,19872
1758203088,32,19904
1758203089,0,19904
1758203090,0,19904
1758203091,32,19936
1758203092,64,20000
1758203093,0,20000
1758203094,0,20000
1758203095,32,20032
1758203096,0,20032
1758203097,0,20032
1758203098,32,20064
1758203099,32,20096
1758203100,32,20128
1758203101,0,20128
1758203102,32,20160
1758203103,0,20160
1758203104,0,20160
1758203105,32,20192
1758203106,32,20224
1758203107,32,20256
1758203108,0,20256
1758203109,32,20288
1758203110,0,20288
1758203111,0,20288
1758203112,32,20320
1758203113,0,20320
1758203114,32,20352
1758203115,32,20384
1758203116,32,20416
1758203117,0,20416
1758203118,0,20416
1758203119,0,20416
1758203120,32,20448
1758203121,32,20480
1758203122,0,20480
1758203123,64,20544
1758203124,0,20544
1758203125,0,20544
1758203126,0,20544
1758203127,32,20576
1758203128,32,20608
1758203129,0,20608
1758203130,64,20672
1758203131,0,20672
1758203132,0,20672
1758203133,0,20672
1758203134,32,20704
1758203135,0,20704
1758203136,32,20736
1758203137,64,20800
1758203138,0,20800
1758203139,0,20800
1758203140,32,20832
1758203141,0,20832
1758203142,32,20864
1758203143,0,20864
1758203144,64,20928
1758203145,0,20928
1758203146,0,20928
1758203147,32,20960
1758203148,0,20960
1758203149,32,20992
1758203150,32,21024
1758203151,32,21056
1758203152,0,21056
1758203153,0,21056
1758203154,32,21088
1758203155,0,21088
1758203156,0,21088
1758203157,32,21120
1758203158,32,21152
1758203159,32,21184
1758203160,0,21184
1758203161,32,21216
1758203162,0,21216
1758203163,0,21216
1758203164,0,21216
1758203165,32,21248
1758203166,0,21248
1758203167,64,21312
1758203168,32,21344
1758203169,0,21344
1758203170,0,21344
1758203171,0,21344
1758203172,32,21376
1758203173,0,21376
1758203174,0,21376
1758203175,64,21440
1758203176,32,21472
1758203177,0,21472
1758203178,0,21472
1758203179,32,21504
1758203180,0,21504
1758203181,0,21504
1758203182,0,21504
1758203183,32,21536
1758203184,64,21600
1758203185,0,21600
1758203186,32,21632
1758203187,0,21632
1758203188,0,21632
1758203189,0,21632
1758203190,0,21632
1758203191,32,21664
1758203192,64,21728
1758203193,0,21728
1758203194,32,21760
1758203195,0,21760
1758203196,0,21760
1758203197,0,21760
1758203198,32,21792
1758203199,32,21824
1758203200,0,21824
1758203201,64,21888
1758203202,0,21888
1758203203,0,21888
1758203204,0,21888
1758203205,32,21920
1758203206,0,21920
1758203207,64,21984
1758203208,32,22016
1758203209,0,22016
1758203210,0,22016
1758203211,0,22016
1758203212,32,22048
1758203213,32,22080
1758203214,32,22112
1758203215,32,22144
1758203216,0,22144
1758203217,0,22144
1758203218,0,22144
1758203219,0,22144
1758203220,0,22144
1758203221,96,22240
1758203222,32,22272
1758203223,0,22272
1758203224,0,22272
1758203225,0,22272
1758203226,0,22272
1758203227,0,22272
1758203228,64,22336
1758203229,32,22368
1758203230,32,22400
1758203231,0,22400
1758203232,0,22400
1758203233,0,22400
1758203234,0,22400
1758203235,32,22432
1758203236,32,22464
1758203237,64,22528
1758203238,0,22528
1758203239,0,22528
1758203240,0,22528
1758203241,0,22528
1758203242,32,22560
1758203243,32,22592
1758203244,0,22592
1758203245,0,22592
1758203246,64,22656
1758203247,0,22656
1758203248,0,22656
1758203249,32,22688
1758203250,32,22720
1758203251,0,22720
1758203252,0,22720
1758203253,64,22784
1758203254,0,22784
1758203255,0,22784
1758203256,32,22816
1758203257,0,22816
1758203258,32,22848
1758203259,0,22848
1758203260,0,22848
1758203261,64,22912
1758203262,0,22912
1758203263,32,22944
1758203264,32,22976
1758203265,0,22976
1758203266,0,22976
1758203267,0,22976
1758203268,0,22976
1758203269,64,23040
1758203270,0,23040
1758203271,64,23104
1758203272,0,23104
1758203273,0,23104
1758203274,0,23104
1758203275,0,23104
1758203276,0,23104
1758203277,64,23168
1758203278,32,23200
1758203279,32,23232
1758203280,0,23232
1758203281,0,23232
1758203282,0,23232
1758203283,0,23232
1758203284,64,23296
1758203285,64,23360
1758203286,0,23360
1758203287,0,23360
1758203288,0,23360
1758203289,0,23360
1758203290,0,23360
1758203291,64,23424
1758203292,32,23456
1758203293,32,23488
1758203294,0,23488
1758203295,0,23488
1758203296,0,23488
1758203297,0,23488
1758203298,32,23520
1758203299,32,23552
1758203300,64,23616
1758203301,0,23616
1758203302,0,23616
1758203303,0,23616
1758203304,32,23648
1758203305,0,23648
1758203306,32,23680
1758203307,0,23680
1758203308,64,23744
1758203309,0,23744
1758203310,0,23744
1758203311,32,23776
1758203312,0,23776
1758203313,32,23808
1758203314,0,23808
1758203315,0,23808
1758203316,64,23872
1758203317,0,23872
1758203318,32,23904
1758203319,0,23904
1758203320,32,23936
1758203321,0,23936
1758203322,0,23936
1758203323,0,23936
1758203324,0,23936
1758203325,96,24032
1758203326,0,24032
1758203327,32,24064
1758203328,0,24064
1758203329,0,24064
1758203330,0,24064
1758203331,0,24064
1758203332,32,24096
1758203333,64,24160
1758203334,32,24192
1758203335,0,24192
1758203336,0,24192
1758203337,0,24192
1758203338,0,24192
1758203339,32,24224
1758203340,0,24224
1758203341,64,24288
1758203342,32,24320
1758203343,0,24320
1758203344,0,24320
1758203345,0,24320
1758203346,32,24352
1758203347,0,24352
1758203348,32,24384
1758203349,32,24416
1758203350,32,24448
1758203351,0,24448
1758203352,0,24448
1758203353,32,24480
1758203354,0,24480
1758203355,32,24512
1758203356,0,24512
1758203357,64,24576
1758203358,0,24576
1758203359,0,24576
1758203360,0,24576
1758203361,32,24608
1758203362,0,24608
1758203363,32,24640
1758203364,0,24640
1758203365,64,24704
1758203366,0,24704
1758203367,0,24704
1758203368,32,24736
1758203369,0,24736
1758203370,32,24768
1758203371,0,24768
1758203372,0,24768
1758203373,64,24832
1758203374,0,24832
1758203375,32,24864
1758203376,0,24864
1758203377,32,24896
1758203378,0,24896
1758203379,0,24896
1758203380,0,24896
1758203381,64,24960
1758203382,32,24992
1758203383,0,24992
1758203384,32,25024
1758203385,0,25024
1758203386,0,25024
1758203387,0,25024
1758203388,32,25056
1758203389,32,25088
1758203390,32,25120
1758203391,0,25120
1758203392,32,25152
1758203393,0,25152
1758203394,0,25152
1758203395,32,25184
1758203396,0,25184
1758203397,64,25248
1758203398,0,25248
1758203399,32,25280
1758203400,0,25280
1758203401,0,25280
1758203402,32,25312
1758203403,0,25312
1758203404,0,25312
1758203405,64,25376
1758203406,32,25408
1758203407,0,25408
1758203408,0,25408
1758203409,32,25440
1758203410,0,25440
1758203411,0,25440
1758203412,32,25472
1758203413,0,25472
1758203414,64,25536
1758203415,0,25536
1758203416,32,25568
1758203417,0,25568
1758203418,0,25568
1758203419,0,25568
1758203420,32,25600
1758203421,64,25664
1758203422,0,25664
1758203423,32,25696
1758203424,0,25696
1758203425,0,25696
1758203426,0,25696
1758203427,32,25728
1758203428,64,25792
1758203429,0,25792
1758203430,32,25824
1758203431,0,25824
1758203432,0,25824
1758203433,0,25824
1758203434,0,25824
1758203435,96,25920
1758203436,0,25920
1758203437,0,25920
1758203438,32,25952
1758203439,0,25952
1758203440,0,25952
1758203441,0,25952
1758203442,32,25984
1758203443,64,26048
1758203444,0,26048
1758203445,32,26080
1758203446,0,26080
1758203447,0,26080
1758203448,32,26112
1758203449,0,26112
1758203450,32,26144
1758203451,32,26176
1758203452,32,26208
1758203453,0,26208
1758203454,0,26208
1758203455,0,26208
1758203456,32,26240
1758203457,0,26240
1758203458,0,26240
1758203459,64,26304
1758203460,32,26336
1758203461,0,26336
1758203462,0,26336
1758203463,32,26368
1758203464,0,26368
1758203465,0,26368
1758203466,0,26368
1758203467,64,26432
1758203468,32,26464
1758203469,0,26464
1758203470,32,26496
1758203471,0,26496
1758203472,0,26496
1758203473,0,26496
1758203474,32,26528
1758203475,32,26560
1758203476,32,26592
1758203477,32,26624
1758203478,0,26624
1758203479,0,26624
1758203480,0,26624
1758203481,0,26624
1758203482,32,26656
1758203483,0,26656
1758203484,96,26752
1758203485,0,26752
1758203486,0,26752
1758203487,0,26752
1758203488,32,26784
1758203489,0,26784
1758203490,0,26784
1758203491,96,26880
1758203492,0,26880
1758203493,0,26880
1758203494,0,26880
1758203495,32,26912
1758203496,0,26912
1758203497,0,26912
1758203498,32,26944
1758203499,0,26944
1758203500,64,27008
1758203501,0,27008
1758203502,0,27008
1758203503,32,27040
1758203504,0,27040
1758203505,32,27072
1758203506,32,27104
1758203507,0,27104
1758203508,32,27136
1758203509,0,27136
1758203510,32,27168
1758203511,0,27168
1758203512,32,27200
1758203513,0,27200
1758203514,32,27232
1758203515,32,27264
1758203516,0,27264
1758203517,32,27296
1758203518,0,27296
1758203519,32,27328
1758203520,32,27360
1758203521,0,27360
1758203522,32,27392
1758203523,0,27392
1758203524,32,27424
1758203525,0,27424
1758203526,32,27456
1758203527,0,27456
1758203528,32,27488
1758203529,0,27488
1758203530,32,27520
1758203531,32,27552
1758203532,0,27552
1758203533,32,27584
1758203534,0,27584
1758203535,32,27616
1758203536,0,27616
1758203537,32,27648
1758203538,32,27680
1758203539,0,27680
1758203540,32,27712
1758203541,0,27712
1758203542,32,27744
1758203543,32,27776
1758203544,0,27776
1758203545,0,27776
1758203546,32,27808
1758203547,32,27840
1758203548,0,27840
1758203549,32,27872
1758203550,32,27904
1758203551,0,27904
1758203552,0,27904
1758203553,32,27936
1758203554,32,27968
1758203555,0,27968
1758203556,32,28000
1758203557,0,28000
1758203558,32,28032
1758203559,0,28032
1758203560,32,28064
1758203561,32,28096
1758203562,0,28096
1758203563,32,28128
1758203564,0,28128
1758203565,0,28128
1758203566,32,28160
1758203567,32,28192
1758203568,32,28224
1758203569,0,28224
1758203570,0,28224
1758203571,32,28256
1758203572,32,28288
1758203573,0,28288
1758203574,32,28320
1758203575,32,28352
1758203576,0,28352
1758203577,0,28352
1758203578,32,28384
1758203579,32,28416
1758203580,0,28416
1758203581,32,28448
1758203582,32,28480
1758203583,0,28480
1758203584,0,28480
1758203585,0,28480
1758203586,32,28512
1758203587,32,28544
1758203588,0,28544
1758203589,64,28608
1758203590,0,28608
1758203591,0,28608
1758203592,0,28608
1758203593,0,28608
1758203594,64,28672
1758203595,0,28672
1758203596,64,28736
1758203597,0,28736
1758203598,0,28736
1758203599,0,28736
1758203600,0,28736
1758203601,64,28800
1758203602,32,28832
1758203603,32,28864
1758203604,0,28864
1758203605,0,28864
1758203606,0,28864
1758203607,0,28864
1758203608,32,28896
1758203609,64,28960
1758203610,32,28992
1758203611,0,28992
1758203612,0,28992
1758203613,0,28992
1758203614,0,28992
1758203615,32,29024
1758203616,64,29088
1758203617,0,29088
1758203618,32,29120
1758203619,0,29120
1758203620,0,29120
1758203621,0,29120
1758203622,0,29120
1758203623,96,29216
1758203624,0,29216
1758203625,32,29248
1758203626,0,29248
1758203627,0,29248
1758203628,0,29248
1758203629,0,29248
1758203630,64,29312
1758203631,32,29344
1758203632,32,29376
1758203633,0,29376
1758203634,0,29376
1758203635,0,29376
1758203636,0,29376
1758203637,64,29440
1758203638,32,29472
1758203639,32,29504
1758203640,0,29504
1758203641,0,29504
1758203642,0,29504
1758203643,64,29568
1758203644,32,29600
1758203645,32,29632
1758203646,0,29632
1758203647,0,29632
1758203648,0,29632
1758203649,0,29632
1758203650,64,29696
1758203651,0,29696
1758203652,0,29696
1758203653,64,29760
1758203654,0,29760
1758203655,0,29760
1758203656,0,29760
1758203657,64,29824
1758203658,0,29824
1758203659,0,29824
1758203660,32,29856
1758203661,32,29888
1758203662,0,29888
1758203663,0,29888
1758203664,32,29920
1758203665,32,29952
1758203666,0,29952
1758203667,32,29984
1758203668,32,30016
1758203669,0,30016
1758203670,32,30048
1758203671,0,30048
1758203672,32,30080
1758203673,0,30080
1758203674,32,30112
1758203675,32,30144
1758203676,0,30144
1758203677,32,30176
1758203678,32,30208
1758203679,0,30208
1758203680,0,30208
1758203681,32,30240
1758203682,32,30272
1758203683,0,30272
1758203684,32,30304
1758203685,32,30336
1758203686,0,30336
1758203687,0,30336
1758203688,32,30368
1758203689,32,30400
1758203690,0,30400
1758203691,32,30432
1758203692,32,30464
1758203693,0,30464
1758203694,0,30464
1758203695,32,30496
1758203696,32,30528
1758203697,0,30528
1758203698,32,30560
1758203699,32,30592
1758203700,0,30592
1758203701,0,30592
1758203702,32,30624
1758203703,32,30656
1758203704,0,30656
1758203705,32,30688
1758203706,32,30720
1758203707,0,30720
1758203708,0,30720
1758203709,32,30752
1758203710,32,30784
1758203711,0,30784
1758203712,64,30848
1758203713,0,30848
1758203714,0,30848
1758203715,32,30880
1758203716,0,30880
1758203717,32,30912
1758203718,0,30912
1758203719,64,30976
1758203720,0,30976
1758203721,0,30976
1758203722,0,30976
1758203723,32,31008
1758203724,32,31040
1758203725,0,31040
1758203726,32,31072
1758203727,32,31104
1758203728,0,31104
1758203729,32,31136
1758203730,0,31136
1758203731,32,31168
1758203732,0,31168
1758203733,32,31200
1758203734,32,31232
1758203735,0,31232
1758203736,32,31264
1758203737,0,31264
1758203738,32,31296
1758203739,0,31296
1758203740,64,31360
1758203741,0,31360
1758203742,0,31360
1758203743,32,31392
1758203744,0,31392
1758203745,32,31424
1758203746,0,31424
1758203747,32,31456
1758203748,0,31456
1758203749,32,31488
1758203750,32,31520
1758203751,0,31520
1758203752,32,31552
1758203753,32,31584
1758203754,0,31584
1758203755,32,31616
1758203756,0,31616
1758203757,32,31648
1758203758,32,31680
1758203759,0,31680
1758203760,0,31680
1758203761,0,31680
1758203762,32,31712
1758203763,64,31776
1758203764,0,31776
1758203765,32,31808
1758203766,0,31808
1758203767,0,31808
1758203768,32,31840
1758203769,0,31840
1758203770,64,31904
1758203771,0,31904
1758203772,32,31936
1758203773,0,31936
1758203774,0,31936
1758203775,32,31968
1758203776,0,31968
1758203777,64,32032
1758203778,0,32032
1758203779,32,32064
1758203780,0,32064
1758203781,0,32064
1758203782,0,32064
1758203783,32,32096
1758203784,64,32160
1758203785,0,32160
1758203786,32,32192
1758203787,0,32192
1758203788,0,32192
1758203789,32,32224
1758203790,32,32256
1758203791,32,32288
1758203792,0,32288
1758203793,32,32320
1758203794,0,32320
1758203795,0,32320
1758203796,32,32352
1758203797,32,32384
1758203798,32,32416
1758203799,0,32416
1758203800,32,32448
1758203801,0,32448
1758203802,32,32480
1758203803,0,32480
1758203804,64,32544
1758203805,0,32544
1758203806,32,32576
1758203807,0,32576
1758203808,0,32576
1758203809,32,32608
1758203810,0,32608
1758203811,32,32640
1758203812,32,32672
1758203813,32,32704
1758203814,0,32704
1758203815,0,32704
1758203816,32,32736
1758203817,0,32736
1758203818,32,32768
1758203819,32,32800
1758203820,32,32832
1758203821,0,32832
1758203822,32,32864
1758203823,0,32864
1758203824,0,32864
1758203825,32,32896
1758203826,32,32928
1758203827,32,32960
1758203828,0,32960
1758203829,32,32992
1758203830,0,32992
1758203831,0,32992
1758203832,32,33024
1758203833,32,33056
1758203834,32,33088
1758203835,0,33088
1758203836,32,33120
1758203837,0,33120
1758203838,32,33152
1758203839,0,33152
1758203840,32,33184
1758203841,0,33184
1758203842,32,33216
1758203843,32,33248
1758203844,0,33248
1758203845,0,33248
1758203846,64,33312
1758203847,0,33312
1758203848,0,33312
1758203849,32,33344
1758203850,32,33376
1758203851,0,33376
1758203852,32,33408
1758203853,0,33408
1758203854,32,33440
1758203855,32,33472
1758203856,32,33504
1758203857,0,33504
1758203858,0,33504
1758203859,32,33536
1758203860,32,33568
1758203861,0,33568
1758203862,32,33600
1758203863,32,33632
1758203864,0,33632
1758203865,0,33632
1758203866,32,33664
1758203867,32,33696
1758203868,0,33696
1758203869,32,33728
1758203870,32,33760
1758203871,0,33760
1758203872,0,33760
1758203873,32,33792
1758203874,32,33824
1758203875,0,33824
1758203876,32,33856
1758203877,32,33888
1758203878,0,33888
1758203879,0,33888
1758203880,32,33920
1758203881,32,33952
1758203882,32,33984
1758203883,0,33984
1758203884,32,34016
1758203885,0,34016
1758203886,32,34048
1758203887,0,34048
1758203888,32,34080
1758203889,32,34112
1758203890,0,34112
1758203891,32,34144
1758203892,0,34144
1758203893,32,34176
1758203894,32,34208
1758203895,0,34208
1758203896,32,34240
1758203897,0,34240
1758203898,32,34272
1758203899,0,34272
1758203900,32,34304
1758203901,32,34336
1758203902,0,34336
1758203903,32,34368
1758203904,32,34400
1758203905,0,34400
1758203906,0,34400
1758203907,32,34432
1758203908,32,34464
1758203909,0,34464
1758203910,0,34464
1758203911,32,34496
1758203912,32,34528
1758203913,32,34560
1758203914,0,34560
1758203915,32,34592
1758203916,0,34592
1758203917,0,34592
1758203918,0,34592
1758203919,64,34656
1758203920,32,34688
1758203921,0,34688
1758203922,32,34720
1758203923,0,34720
1758203924,0,34720
1758203925,0,34720
1758203926,96,34816
1758203927,0,34816
1758203928,0,34816
1758203929,32,34848
1758203930,0,34848
1758203931,0,34848
1758203932,0,34848
1758203933,32,34880
1758203934,64,34944
1758203935,32,34976
1758203936,0,34976
1758203937,0,34976
1758203938,0,34976
1758203939,0,34976
1758203940,32,35008
1758203941,64,35072
1758203942,32,35104
1758203943,0,35104
1758203944,0,35104
1758203945,0,35104
1758203946,0,35104
1758203947,32,35136
1758203948,64,35200
1758203949,32,35232
1758203950,0,35232
1758203951,0,35232
1758203952,0,35232
1758203953,32,35264
1758203954,0,35264
1758203955,64,35328
1758203956,32,35360
1758203957,0,35360
1758203958,0,35360
1758203959,0,35360
1758203960,32,35392
1758203961,0,35392
1758203962,32,35424
1758203963,64,35488
1758203964,0,35488
1758203965,0,35488
1758203966,0,35488
1758203967,32,35520
1758203968,0,35520
1758203969,64,35584
1758203970,32,35616
1758203971,0,35616
1758203972,0,35616
1758203973,32,35648
1758203974,0,35648
1758203975,0,35648
1758203976,64,35712
1758203977,32,35744
1758203978,0,35744
1758203979,0,35744
1758203980,32,35776
1758203981,0,35776
1758203982,0,35776
1758203983,64,35840
1758203984,32,35872
1758203985,0,35872
1758203986,0,35872
1758203987,0,35872
1758203988,32,35904
1758203989,0,35904
1758203990,64,35968
1758203991,32,36000
1758203992,0,36000
1758203993,0,36000
1758203994,0,36000
1758203995,32,36032
1758203996,32,36064
1758203997,32,36096
1758203998,32,36128
1758203999,0,36128
1758204000,0,36128
1758204001,0,36128
1758204002,32,36160
1758204003,32,36192
1758204004,32,36224
1758204005,32,36256
1758204006,0,36256
1758204007,0,36256
1758204008,32,36288
1758204009,32,36320
1758204010,0,36320
1758204011,0,36320
1758204012,64,36384
1758204013,0,36384
1758204014,0,36384
1758204015,32,36416
1758204016,0,36416
1758204017,32,36448
1758204018,0,36448
1758204019,32,36480
1758204020,32,36512
1758204021,0,36512
1758204022,32,36544
1758204023,0,36544
1758204024,32,36576
1758204025,0,36576
1758204026,0,36576
1758204027,0,36576
1758204028,64,36640
1758204029,32,36672
1758204030,0,36672
1758204031,32,36704
1758204032,0,36704
1758204033,0,36704
1758204034,0,36704
1758204035,0,36704
1758204036,64,36768
1758204037,32,36800
1758204038,32,36832
1758204039,0,36832
1758204040,0,36832
1758204041,0,36832
1758204042,0,36832
1758204043,0,36832
1758204044,64,36896
1758204045,64,36960
1758204046,0,36960
1758204047,0,36960
1758204048,0,36960
1758204049,0,36960
1758204050,0,36960
1758204051,32,36992
1758204052,32,37024
1758204053,64,37088
1758204054,0,37088
1758204055,0,37088
1758204056,0,37088
1758204057,0,37088
1758204058,32,37120
1758204059,32,37152
1758204060,0,37152
1758204061,64,37216
1758204062,0,37216
1758204063,0,37216
1758204064,0,37216
1758204065,0,37216
1758204066,64,37280
1758204067,0,37280
1758204068,0,37280
1758204069,0,37280
1758204070,64,37344
1758204071,0,37344
1758204072,32,37376
1758204073,0,37376
1758204074,32,37408
1758204075,0,37408
1758204076,32,37440
1758204077,32,37472
1758204078,0,37472
1758204079,32,37504
1758204080,0,37504
1758204081,32,37536
1758204082,0,37536
1758204083,0,37536
1758204084,32,37568
1758204085,32,37600
1758204086,0,37600
1758204087,32,37632
1758204088,0,37632
1758204089,32,37664
1758204090,0,37664
1758204091,0,37664
1758204092,64,37728
1758204093,0,37728
1758204094,32,37760
1758204095,0,37760
1758204096,32,37792
1758204097,0,37792
1758204098,32,37824
1758204099,0,37824
1758204100,32,37856
1758204101,32,37888
1758204102,0,37888
1758204103,0,37888
1758204104,32,37920
1758204105,0,37920
1758204106,0,37920
1758204107,32,37952
1758204108,64,38016
1758204109,0,38016
1758204110,0,38016
1758204111,32,38048
1758204112,0,38048
1758204113,0,38048
1758204114,0,38048
1758204115,0,38048
1758204116,0,38048
1758204117,96,38144
1758204118,32,38176
1758204119,0,38176
1758204120,0,38176
1758204121,0,38176
1758204122,0,38176
1758204123,0,38176
1758204124,0,38176
1758204125,32,38208
1758204126,96,38304
1758204127,0,38304
1758204128,0,38304
1758204129,0,38304
1758204130,0,38304
1758204131,0,38304
1758204132,0,38304
1758204133,32,38336
1758204134,0,38336
1758204135,96,38432
1758204136,0,38432
1758204137,0,38432
1758204138,0,38432
1758204139,0,38432
1758204140,0,38432
1758204141,32,38464
1758204142,0,38464
1758204143,0,38464
1758204144,64,38528
1758204145,32,38560
1758204146,0,38560
1758204147,0,38560
1758204148,32,38592
1758204149,0,38592
1758204150,0,38592
1758204151,0,38592
1758204152,32,38624
1758204153,64,38688
1758204154,0,38688
1758204155,32,38720
1758204156,0,38720
1758204157,0,38720
1758204158,0,38720
1758204159,32,38752
1758204160,32,38784
1758204161,32,38816
1758204162,32,38848
1758204163,0,38848
1758204164,0,38848
1758204165,0,38848
1758204166,32,38880
1758204167,0,38880
1758204168,32,38912
1758204169,32,38944
1758204170,32,38976
1758204171,0,38976
1758204172,0,38976
1758204173,32,39008
1758204174,0,39008
1758204175,32,39040
1758204176,32,39072
1758204177,32,39104
1758204178,0,39104
1758204179,0,39104
1758204180,0,39104
1758204181,32,39136
1758204182,32,39168
1758204183,32,39200
1758204184,0,39200
1758204185,32,39232
1758204186,0,39232
1758204187,0,39232
1758204188,0,39232
1758204189,64,39296
1758204190,32,39328
1758204191,0,39328
1758204192,32,39360
1758204193,0,39360
1758204194,0,39360
1758204195,0,39360
1758204196,0,39360
1758204197,0,39360
1758204198,96,39456
1758204199,32,39488
1758204200,0,39488
1758204201,0,39488
1758204202,0,39488
1758204203,0,39488
1758204204,0,39488
1758204205,0,39488
1758204206,32,39520
1758204207,96,39616
1758204208,0,39616
1758204209,0,39616
1758204210,0,39616
1758204211,0,39616
1758204212,0,39616
1758204213,0,39616
1758204214,64,39680
1758204215,0,39680
1758204216,64,39744
1758204217,0,39744
1758204218,0,39744
1758204219,0,39744
1758204220,0,39744
1758204221,32,39776
1758204222,32,39808
1758204223,0,39808
1758204224,64,39872
1758204225,0,39872
1758204226,0,39872
1758204227,0,39872
1758204228,0,39872
1758204229,32,39904
1758204230,32,39936
1758204231,0,39936
1758204232,64,40000
1758204233,0,40000
1758204234,0,40000
1758204235,0,40000
1758204236,32,40032
1758204237,32,40064
1758204238,0,40064
1758204239,32,40096
1758204240,32,40128
1758204241,0,40128
1758204242,0,40128
1758204243,32,40160
1758204244,32,40192
1758204245,0,40192
1758204246,0,40192
1758204247,0,40192
1758204248,64,40256
1758204249,0,40256
1758204250,32,40288
1758204251,32,40320
1758204252,0,40320
1758204253,0,40320
1758204254,0,40320
1758204255,0,40320
1758204256,64,40384
1758204257,0,40384
1758204258,64,40448
1758204259,0,40448
1758204260,0,40448
1758204261,0,40448
1758204262,0,40448
1758204263,0,40448
1758204264,64,40512
1758204265,32,40544
1758204266,32,40576
1758204267,0,40576
1758204268,0,40576
1758204269,0,40576
1758204270,0,40576
1758204271,0,40576
1758204272,64,40640
1758204273,64,40704
1758204274,0,40704
1758204275,0,40704
1758204276,0,40704
1758204277,0,40704
1758204278,0,40704
1758204279,0,40704
1758204280,32,40736
1758204281,0,40736
1758204282,96,40832
1758204283,0,40832
1758204284,0,40832
1758204285,0,40832
1758204286,0,40832
1758204287,32,40864
1758204288,32,40896
1758204289,0,40896
1758204290,64,40960
1758204291,0,40960
1758204292,0,40960
1758204293,0,40960
1758204294,32,40992
1758204295,0,40992
1758204296,32,41024
1758204297,32,41056
1758204298,32,41088
1758204299,0,41088
1758204300,0,41088
1758204301,32,41120
1758204302,0,41120
1758204303,32,41152
1758204304,32,41184
1758204305,32,41216
1758204306,0,41216
1758204307,0,41216
1758204308,32,41248
1758204309,0,41248
1758204310,32,41280
1758204311,0,41280
1758204312,64,41344
1758204313,0,41344
1758204314,0,41344
1758204315,32,41376
1758204316,0,41376
1758204317,0,41376
1758204318,32,41408
1758204319,0,41408
1758204320,64,41472
1758204321,0,41472
1758204322,0,41472
1758204323,32,41504
1758204324,0,41504
1758204325,32,41536
1758204326,0,41536
1758204327,0,41536
1758204328,64,41600
1758204329,0,41600
1758204330,32,41632
1758204331,0,41632
1758204332,0,41632
1758204333,32,41664
1758204334,0,41664
1758204335,0,41664
1758204336,64,41728
1758204337,32,41760
1758204338,0,41760
1758204339,0,41760
1758204340,32,41792
1758204341,0,41792
1758204342,0,41792
1758204343,32,41824
1758204344,32,41856
1758204345,32,41888
1758204346,0,41888
1758204347,32,41920
1758204348,0,41920
1758204349,0,41920
1758204350,32,41952
1758204351,32,41984
1758204352,32,42016
1758204353,0,42016
1758204354,32,42048
1758204355,0,42048
1758204356,0,42048
1758204357,0,42048
1758204358,32,42080
1758204359,32,42112
1758204360,32,42144
1758204361,0,42144
1758204362,32,42176
1758204363,0,42176
1758204364,0,42176
1758204365,32,42208
1758204366,32,42240
1758204367,32,42272
1758204368,0,42272
1758204369,32,42304
1758204370,0,42304
1758204371,0,42304
1758204372,32,42336
1758204373,32,42368
1758204374,32,42400
1758204375,0,42400
1758204376,32,42432
1758204377,0,42432
1758204378,0,42432
1758204379,0,42432
1758204380,0,42432
1758204381,64,42496
1758204382,32,42528
1758204383,32,42560
1758204384,0,42560
1758204385,0,42560
1758204386,0,42560
1758204387,0,42560
1758204388,0,42560
1758204389,32,42592
1758204390,64,42656
1758204391,32,42688
1758204392,0,42688
1758204393,0,42688
1758204394,0,42688
1758204395,0,42688
1758204396,32,42720
1758204397,64,42784
1758204398,0,42784
1758204399,32,42816
1758204400,0,42816
1758204401,0,42816
1758204402,0,42816
1758204403,0,42816
1758204404,32,42848
1758204405,64,42912
1758204406,32,42944
1758204407,0,42944
1758204408,0,42944
1758204409,0,42944
1758204410,0,42944
1758204411,0,42944
1758204412,32,42976
1758204413,0,42976
1758204414,96,43072
1758204415,0,43072
1758204416,0,43072
1758204417,0,43072
1758204418,0,43072
1758204419,32,43104
1758204420,0,43104
1758204421,0,43104
1758204422,32,43136
1758204423,64,43200
1758204424,0,43200
1758204425,0,43200
1758204426,0,43200
1758204427,32,43232
1758204428,0,43232
1758204429,32,43264
1758204430,0,43264
1758204431,64,43328
1758204432,0,43328
1758204433,0,43328
1758204434,32,43360
1758204435,0,43360
1758204436,32,43392
1758204437,0,43392
1758204438,0,43392
1758204439,64,43456
1758204440,0,43456
1758204441,32,43488
1758204442,0,43488
1758204443,32,43520
1758204444,0,43520
1758204445,0,43520
1758204446,0,43520
1758204447,64,43584
1758204448,32,43616
1758204449,0,43616
1758204450,32,43648
1758204451,0,43648
1758204452,0,43648
1758204453,0,43648
1758204454,32,43680
1758204455,64,43744
1758204456,0,43744
1758204457,0,43744
1758204458,32,43776
1758204459,0,43776
1758204460,0,43776
1758204461,0,43776
1758204462,64,43840
1758204463,32,43872
1758204464,0,43872
1758204465,32,43904
1758204466,0,43904
1758204467,0,43904
1758204468,0,43904
1758204469,0,43904
1758204470,96,44000
1758204471,0,44000
1758204472,0,44000
1758204473,32,44032
1758204474,0,44032
1758204475,0,44032
1758204476,0,44032
1758204477,32,44064
1758204478,32,44096
1758204479,32,44128
1758204480,32,44160
1758204481,0,44160
1758204482,0,44160
1758204483,0,44160
1758204484,32,44192
1758204485,0,44192
1758204486,0,44192
1758204487,64,44256
1758204488,32,44288
1758204489,0,44288
1758204490,0,44288
1758204491,0,44288
1758204492,32,44320
1758204493,0,44320
1758204494,32,44352
1758204495,0,44352
1758204496,64,44416
1758204497,0,44416
1758204498,0,44416
1758204499,32,44448
1758204500,0,44448
1758204501,0,44448
1758204502,32,44480
1758204503,32,44512
1758204504,32,44544
1758204505,0,44544
1758204506,0,44544
1758204507,32,44576
1758204508,0,44576
1758204509,32,44608
1758204510,32,44640
1758204511,0,44640
1758204512,32,44672
1758204513,32,44704
1758204514,0,44704
1758204515,0,44704
1758204516,0,44704
1758204517,0,44704
1758204518,64,44768
1758204519,32,44800
1758204520,0,44800
1758204521,32,44832
1758204522,0,44832
1758204523,0,44832
1758204524,0,44832
1758204525,0,44832
1758204526,32,44864
1758204527,64,44928
1758204528,32,44960
1758204529,0,44960
1758204530,0,44960
1758204531,0,44960
1758204532,0,44960
1758204533,32,44992
1758204534,0,44992
1758204535,64,45056
1758204536,32,45088
1758204537,0,45088
1758204538,0,45088
1758204539,0,45088
1758204540,32,45120
1758204541,0,45120
1758204542,32,45152
1758204543,64,45216
1758204544,0,45216
1758204545,0,45216
1758204546,0,45216
1758204547,32,45248
1758204548,0,45248
1758204549,64,45312
1758204550,32,45344
1758204551,0,45344
1758204552,0,45344
1758204553,0,45344
1758204554,0,45344
1758204555,32,45376
1758204556,32,45408
1758204557,32,45440
1758204558,32,45472
1758204559,0,45472
1758204560,0,45472
1758204561,0,45472
1758204562,0,45472
1758204563,0,45472
1758204564,32,45504
1758204565,64,45568
1758204566,32,45600
1758204567,0,45600
1758204568,0,45600
1758204569,0,45600
1758204570,0,45600
1758204571,32,45632
1758204572,64,45696
1758204573,32,45728
1758204574,0,45728
1758204575,0,45728
1758204576,0,45728
1758204577,0,45728
1758204578,32,45760
1758204579,32,45792
1758204580,32,45824
1758204581,32,45856
1758204582,0,45856
1758204583,0,45856
1758204584,0,45856
1758204585,0,45856
1758204586,32,45888
1758204587,32,45920
1758204588,64,45984
1758204589,0,45984
1758204590,0,45984
1758204591,0,45984
1758204592,0,45984
1758204593,32,46016
1758204594,32,46048
1758204595,0,46048
1758204596,64,46112
1758204597,0,46112
1758204598,0,46112
1758204599,0,46112
1758204600,32,46144
1758204601,0,46144
1758204602,32,46176
1758204603,32,46208
1758204604,32,46240
1758204605,0,46240
1758204606,0,46240
1758204607,32,46272
1758204608,0,46272
1758204609,32,46304
1758204610,0,46304
1758204611,64,46368
1758204612,0,46368
1758204613,0,46368
1758204614,0,46368
1758204615,0,46368
1758204616,64,46432
1758204617,0,46432
1758204618,0,46432
1758204619,64,46496
1758204620,0,46496
1758204621,0,46496
1758204622,0,46496
1758204623,32,46528
1758204624,32,46560
1758204625,0,46560
1758204626,0,46560
1758204627,0,46560
1758204628,64,46624
1758204629,0,46624
1758204630,32,46656
1758204631,32,46688
1758204632,0,46688
1758204633,0,46688
1758204634,0,46688
1758204635,0,46688
1758204636,64,46752
1758204637,0,46752
1758204638,64,46816
1758204639,0,46816
1758204640,0,46816
1758204641,0,46816
1758204642,0,46816
1758204643,32,46848
1758204644,32,46880
1758204645,64,46944
1758204646,0,46944
1758204647,0,46944
1758204648,0,46944
1758204649,0,46944
1758204650,0,46944
1758204651,0,46944
1758204652,96,47040
1758204653,32,47072
1758204654,0,47072
1758204655,0,47072
1758204656,0,47072
1758204657,0,47072
1758204658,0,47072
1758204659,64,47136
1758204660,0,47136
1758204661,64,47200
1758204662,0,47200
1758204663,0,47200
1758204664,0,47200
1758204665,0,47200
1758204666,64,47264
1758204667,0,47264
1758204668,0,47264
1758204669,64,47328
1758204670,0,47328
1758204671,0,47328
1758204672,0,47328
1758204673,0,47328
1758204674,64,47392
1758204675,0,47392
1758204676,0,47392
1758204677,64,47456
1758204678,0,47456
1758204679,0,47456
1758204680,0,47456
1758204681,32,47488
1758204682,32,47520
1758204683,0,47520
1758204684,0,47520
1758204685,64,47584
1758204686,0,47584
1758204687,0,47584
1758204688,32,47616
1758204689,32,47648
1758204690,0,47648
1758204691,0,47648
1758204692,32,47680
1758204693,32,47712
1758204694,0,47712
1758204695,32,47744
1758204696,32,47776
1758204697,0,47776
1758204698,0,47776
1758204699,0,47776
1758204700,64,47840
1758204701,0,47840
1758204702,0,47840
1758204703,64,47904
1758204704,0,47904
1758204705,0,47904
1758204706,0,47904
1758204707,32,47936
1758204708,32,47968
1758204709,0,47968
1758204710,32,48000
1758204711,32,48032
1758204712,0,48032
1758204713,0,48032
1758204714,0,48032
1758204715,64,48096
1758204716,0,48096
1758204717,0,48096
1758204718,64,48160
1758204719,0,48160
1758204720,0,48160
1758204721,0,48160
1758204722,32,48192
1758204723,32,48224
1758204724,0,48224
1758204725,64,48288
1758204726,0,48288
1758204727,0,48288
1758204728,0,48288
1758204729,0,48288
1758204730,0,48288
1758204731,64,48352
1758204732,0,48352
1758204733,64,48416
1758204734,0,48416
1758204735,0,48416
1758204736,0,48416
1758204737,0,48416
1758204738,0,48416
1758204739,32,48448
1758204740,64,48512
1758204741,32,48544
1758204742,0,48544
1758204743,0,48544
1758204744,0,48544
1758204745,0,48544
1758204746,32,48576
1758204747,0,48576
1758204748,96,48672
1758204749,0,48672
1758204750,0,48672
1758204751,0,48672
1758204752,0,48672
1758204753,32,48704
1758204754,0,48704
1758204755,32,48736
1758204756,64,48800
1758204757,0,48800
1758204758,0,48800
1758204759,0,48800
1758204760,32,48832
1758204761,0,48832
1758204762,32,48864
1758204763,64,48928
1758204764,0,48928
1758204765,0,48928
1758204766,0,48928
1758204767,32,48960
1758204768,0,48960
1758204769,0,48960
1758204770,32,48992
1758204771,64,49056
1758204772,0,49056
1758204773,0,49056
1758204774,32,49088
1758204775,0,49088
1758204776,0,49088
1758204777,0,49088
1758204778,32,49120
1758204779,64,49184
1758204780,0,49184
1758204781,32,49216
1758204782,0,49216
1758204783,0,49216
1758204784,0,49216
1758204785,32,49248
1758204786,32,49280
1758204787,32,49312
1758204788,32,49344
1758204789,0,49344
1758204790,0,49344
1758204791,0,49344
1758204792,32,49376
1758204793,32,49408
1758204794,32,49440
1758204795,0,49440
1758204796,32,49472
1758204797,0,49472
1758204798,0,49472
1758204799,0,49472
1758204800,64,49536
1758204801,32,49568
1758204802,0,49568
1758204803,0,49568
1758204804,32,49600
1758204805,0,49600
1758204806,0,49600
1758204807,64,49664
1758204808,32,49696
1758204809,0,49696
1758204810,0,49696
1758204811,32,49728
1758204812,0,49728
1758204813,0,49728
1758204814,64,49792
1758204815,32,49824
1758204816,0,49824
1758204817,0,49824
1758204818,32,49856
1758204819,0,49856
1758204820,0,49856
1758204821,32,49888
1758204822,32,49920
1758204823,32,49952
1758204824,0,49952
1758204825,0,49952
1758204826,32,49984
1758204827,0,49984
1758204828,0,49984
1758204829,64,50048
1758204830,32,50080
1758204831,0,50080
1758204832,0,50080
1758204833,32,50112
1758204834,0,50112
1758204835,0,50112
1758204836,64,50176
1758204837,0,50176
1758204838,32,50208
1758204839,0,50208
1758204840,0,50208
1758204841,32,50240
1758204842,0,50240
1758204843,32,50272
1758204844,32,50304
1758204845,0,50304
1758204846,32,50336
1758204847,0,50336
1758204848,32,50368
1758204849,0,50368
1758204850,0,50368
1758204851,64,50432
1758204852,0,50432
1758204853,32,50464
1758204854,0,50464
1758204855,0,50464
1758204856,32,50496
1758204857,0,50496
1758204858,64,50560
1758204859,0,50560
1758204860,32,50592
1758204861,0,50592
1758204862,0,50592
1758204863,32,50624
1758204864,0,50624
1758204865,32,50656
1758204866,32,50688
1758204867,32,50720
1758204868,0,50720
1758204869,32,50752
1758204870,0,50752
1758204871,0,50752
1758204872,0,50752
1758204873,64,50816
1758204874,0,50816
1758204875,32,50848
1758204876,0,50848
1758204877,32,50880
1758204878,0,50880
1758204879,0,50880
1758204880,32,50912
1758204881,32,50944
1758204882,32,50976
1758204883,0,50976
1758204884,0,50976
1758204885,32,51008
1758204886,0,51008
1758204887,32,51040
1758204888,0,51040
1758204889,32,51072
1758204890,32,51104
1758204891,0,51104
1758204892,32,51136
1758204893,0,51136
1758204894,32,51168
1758204895,0,51168
1758204896,0,51168
1758204897,64,51232
1758204898,0,51232
1758204899,32,51264
1758204900,0,51264
1758204901,0,51264
1758204902,32,51296
1758204903,0,51296
1758204904,32,51328
1758204905,32,51360
1758204906,32,51392
1758204907,0,51392
1758204908,32,51424
1758204909,0,51424
1758204910,0,51424
1758204911,32,51456
1758204912,0,51456
1758204913,0,51456
1758204914,64,51520
1758204915,32,51552
1758204916,0,51552
1758204917,0,51552
1758204918,32,51584
1758204919,0,51584
1758204920,0,51584
1758204921,32,51616
1758204922,32,51648
1758204923,32,51680
1758204924,0,51680
1758204925,32,51712
1758204926,0,51712
1758204927,0,51712
1758204928,0,51712
1758204929,0,51712
1758204930,64,51776
1758204931,32,51808
1758204932,32,51840
1758204933,0,51840
1758204934,0,51840
1758204935,0,51840
1758204936,0,51840
1758204937,0,51840
1758204938,96,51936
1758204939,32,51968
1758204940,0,51968
1758204941,0,51968
1758204942,0,51968
1758204943,0,51968
1758204944,0,51968
1758204945,32,52000
1758204946,64,52064
1758204947,32,52096
1758204948,0,52096
1758204949,0,52096
1758204950,0,52096
1758204951,0,52096
1758204952,0,52096
1758204953,64,52160
1758204954,0,52160
1758204955,64,52224
1758204956,0,52224
1758204957,0,52224
1758204958,0,52224
1758204959,0,52224
1758204960,32,52256
1758204961,32,52288
1758204962,32,52320
1758204963,32,52352
1758204964,0,52352
1758204965,0,52352
1758204966,0,52352
1758204967,32,52384
1758204968,32,52416
1758204969,32,52448
1758204970,0,52448
1758204971,32,52480
1758204972,0,52480
1758204973,0,52480
1758204974,0,52480
1758204975,64,52544
1758204976,0,52544
1758204977,32,52576
1758204978,0,52576
1758204979,32,52608
1758204980,0,52608
1758204981,0,52608
1758204982,32,52640
1758204983,32,52672
1758204984,32,52704
1758204985,0,52704
1758204986,32,52736
1758204987,0,52736
1758204988,0,52736
1758204989,0,52736
1758204990,32,52768
1758204991,64,52832
1758204992,0,52832
1758204993,32,52864
1758204994,0,52864
1758204995,0,52864
1758204996,0,52864
1758204997,0,52864
1758204998,32,52896
1758204999,32,52928
1758205000,32,52960
1758205001,32,52992
1758205002,0,52992
1758205003,0,52992
1758205004,0,52992
1758205005,32,53024
1758205006,0,53024
1758205007,0,53024
1758205008,64,53088
1758205009,32,53120
1758205010,0,53120
1758205011,0,53120
1758205012,32,53152
1758205013,0,53152
1758205014,0,53152
1758205015,0,53152
1758205016,32,53184
1758205017,64,53248
1758205018,0,53248
1758205019,32,53280
1758205020,0,53280
1758205021,0,53280
1758205022,0,53280
1758205023,32,53312
1758205024,32,53344
1758205025,32,53376
1758205026,0,53376
1758205027,32,53408
1758205028,0,53408
1758205029,0,53408
1758205030,0,53408
1758205031,0,53408
1758205032,32,53440
1758205033,64,53504
1758205034,32,53536
1758205035,0,53536
1758205036,0,53536
1758205037,0,53536
1758205038,0,53536
1758205039,0,53536
1758205040,0,53536
1758205041,64,53600
1758205042,64,53664
1758205043,0,53664
1758205044,0,53664
1758205045,0,53664
1758205046,0,53664
1758205047,32,53696
1758205048,32,53728
1758205049,0,53728
1758205050,64,53792
1758205051,0,53792
1758205052,0,53792
1758205053,0,53792
1758205054,0,53792
1758205055,32,53824
1758205056,32,53856
1758205057,32,53888
1758205058,32,53920
1758205059,0,53920
1758205060,0,53920
1758205061,0,53920
1758205062,32,53952
1758205063,32,53984
1758205064,32,54016
1758205065,32,54048
1758205066,0,54048
1758205067,0,54048
1758205068,0,54048
1758205069,32,54080
1758205070,32,54112
1758205071,32,54144
1758205072,32,54176
1758205073,0,54176
1758205074,0,54176
1758205075,0,54176
1758205076,32,54208
1758205077,32,54240
1758205078,0,54240
1758205079,32,54272
1758205080,32,54304
1758205081,0,54304
1758205082,0,54304
1758205083,32,54336
1758205084,32,54368
1758205085,0,54368
1758205086,0,54368
1758205087,32,54400
1758205088,32,54432
1758205089,0,54432
1758205090,0,54432
1758205091,64,54496
1758205092,0,54496
1758205093,0,54496
1758205094,32,54528
1758205095,32,54560
1758205096,0,54560
1758205097,0,54560
1758205098,64,54624
1758205099,0,54624
1758205100,0,54624
1758205101,0,54624
1758205102,0,54624
1758205103,64,54688
1758205104,0,54688
1758205105,32,54720
1758205106,32,54752
1758205107,0,54752
1758205108,0,54752
1758205109,0,54752
1758205110,32,54784
1758205111,64,54848
1758205112,0,54848
1758205113,32,54880
1758205114,0,54880
1758205115,0,54880
1758205116,0,54880
1758205117,32,54912
1758205118,32,54944
1758205119,32,54976
1758205120,32,55008
1758205121,0,55008
1758205122,0,55008
1758205123,0,55008
1758205124,32,55040
1758205125,0,55040
1758205126,64,55104
1758205127,32,55136
1758205128,0,55136
1758205129,0,55136
1758205130,0,55136
1758205131,32,55168
1758205132,0,55168
1758205133,0,55168
1758205134,64,55232
1758205135,32,55264
1758205136,0,55264
1758205137,0,55264
1758205138,32,55296
1758205139,0,55296
1758205140,0,55296
1758205141,32,55328
1758205142,64,55392
1758205143,0,55392
1758205144,0,55392
1758205145,32,55424
1758205146,0,55424
1758205147,0,55424
1758205148,32,55456
1758205149,32,55488
1758205150,32,55520
1758205151,0,55520
1758205152,0,55520
1758205153,32,55552
1758205154,0,55552
1758205155,32,55584
1758205156,0,55584
1758205157,64,55648
1758205158,0,55648
1758205159,0,55648
1758205160,32,55680
1758205161,0,55680
1758205162,32,55712
1758205163,32,55744
1758205164,32,55776
1758205165,0,55776
1758205166,0,55776
1758205167,32,55808
1758205168,0,55808
1758205169,32,55840
1758205170,0,55840
1758205171,32,55872
1758205172,32,55904
1758205173,0,55904
1758205174,0,55904
1758205175,32,55936
1758205176,32,55968
1758205177,0,55968
1758205178,32,56000
1758205179,32,56032
1758205180,0,56032
1758205181,0,56032
1758205182,0,56032
1758205183,64,56096
1758205184,0,56096
1758205185,32,56128
1758205186,32,56160
1758205187,0,56160
1758205188,0,56160
1758205189,32,56192
1758205190,0,56192
1758205191,32,56224
1758205192,32,56256
1758205193,0,56256
1758205194,32,56288
1758205195,0,56288
1758205196,32,56320
1758205197,0,56320
1758205198,0,56320
1758205199,64,56384
1758205200,0,56384
1758205201,32,56416
1758205202,0,56416
1758205203,0,56416
1758205204,32,56448
1758205205,0,56448
1758205206,0,56448
1758205207,64,56512
1758205208,32,56544
1758205209,0,56544
1758205210,0,56544
1758205211,32,56576
1758205212,0,56576
1758205213,0,56576
1758205214,0,56576
1758205215,96,56672
1758205216,0,56672
1758205217,0,56672
1758205218,0,56672
1758205219,32,56704
1758205220,0,56704
1758205221,0,56704
1758205222,32,56736
1758205223,64,56800
1758205224,0,56800
1758205225,0,56800
1758205226,32,56832
1758205227,0,56832
1758205228,0,56832
1758205229,32,56864
1758205230,0,56864
1758205231,64,56928
1758205232,0,56928
1758205233,32,56960
1758205234,0,56960
1758205235,0,56960
1758205236,32,56992
1758205237,0,56992
1758205238,0,56992
1758205239,64,57056
1758205240,0,57056
1758205241,32,57088
1758205242,0,57088
1758205243,32,57120
1758205244,0,57120
1758205245,0,57120
1758205246,0,57120
1758205247,64,57184
1758205248,0,57184
1758205249,32,57216
1758205250,0,57216
1758205251,32,57248
1758205252,0,57248
1758205253,0,57248
1758205254,32,57280
1758205255,32,57312
1758205256,32,57344
1758205257,0,57344
1758205258,32,57376
1758205259,0,57376
1758205260,0,57376
1758205261,32,57408
1758205262,32,57440
1758205263,32,57472
1758205264,0,57472
1758205265,0,57472
1758205266,32,57504
1758205267,0,57504
1758205268,0,57504
1758205269,64,57568
1758205270,0,57568
1758205271,32,57600
1758205272,0,57600
1758205273,32,57632
1758205274,0,57632
1758205275,0,57632
1758205276,32,57664
1758205277,32,57696
1758205278,0,57696
1758205279,32,57728
1758205280,32,57760
1758205281,0,57760
1758205282,0,57760
1758205283,0,57760
1758205284,64,57824
1758205285,0,57824
1758205286,32,57856
1758205287,32,57888
1758205288,0,57888
1758205289,0,57888
1758205290,0,57888
1758205291,0,57888
1758205292,64,57952
1758205293,0,57952
1758205294,64,58016
1758205295,0,58016
1758205296,0,58016
1758205297,0,58016
1758205298,0,58016
1758205299,0,58016
1758205300,64,58080
1758205301,64,58144
1758205302,0,58144
1758205303,0,58144
1758205304,0,58144
1758205305,0,58144
1758205306,0,58144
1758205307,64,58208
1758205308,32,58240
1758205309,32,58272
1758205310,0,58272
1758205311,0,58272
1758205312,0,58272
1758205313,0,58272
1758205314,32,58304
1758205315,0,58304
1758205316,64,58368
1758205317,32,58400
1758205318,0,58400
1758205319,0,58400
1758205320,0,58400
1758205321,32,58432
1758205322,0,58432
1758205323,32,58464
1758205324,32,58496
1758205325,32,58528
1758205326,0,58528
1758205327,0,58528
1758205328,32,58560
1758205329,0,58560
1758205330,32,58592
1758205331,0,58592
1758205332,64,58656
1758205333,0,58656
1758205334,0,58656
1758205335,32,58688
1758205336,0,58688
1758205337,0,58688
1758205338,32,58720
1758205339,0,58720
1758205340,64,58784
1758205341,0,58784
1758205342,32,58816
1758205343,0,58816
1758205344,0,58816
1758205345,32,58848
1758205346,0,58848
1758205347,64,58912
1758205348,0,58912
1758205349,32,58944
1758205350,0,58944
1758205351,0,58944
1758205352,32,58976
1758205353,0,58976
1758205354,32,59008
1758205355,32,59040
1758205356,32,59072
1758205357,0,59072
1758205358,0,59072
1758205359,32,59104
1758205360,0,59104
1758205361,0,59104
1758205362,64,59168
1758205363,32,59200
1758205364,0,59200
1758205365,0,59200
1758205366,32,59232
1758205367,0,59232
1758205368,0,59232
1758205369,0,59232
1758205370,96,59328
1758205371,0,59328
1758205372,0,59328
1758205373,0,59328
1758205374,32,59360
1758205375,0,59360
1758205376,0,59360
1758205377,32,59392
1758205378,64,59456
1758205379,0,59456
1758205380,0,59456
1758205381,32,59488
1758205382,0,59488
1758205383,0,59488
1758205384,0,59488
1758205385,64,59552
1758205386,32,59584
1758205387,0,59584
1758205388,32,59616
1758205389,0,59616
1758205390,0,59616
1758205391,0,59616
1758205392,32,59648
1758205393,64,59712
1758205394,0,59712
1758205395,32,59744
1758205396,0,59744
1758205397,0,59744
1758205398,0,59744
1758205399,32,59776
1758205400,64,59840
1758205401,0,59840
1758205402,0,59840
1758205403,32,59872
1758205404,0,59872
1758205405,0,59872
1758205406,32,59904
1758205407,32,59936
1758205408,32,59968
1758205409,0,59968
1758205410,32,60000
1758205411,0,60000
1758205412,0,60000
1758205413,0,60000
1758205414,64,60064
1758205415,32,60096
1758205416,0,60096
1758205417,0,60096
1758205418,32,60128
1758205419,0,60128
1758205420,0,60128
1758205421,64,60192
1758205422,32,60224
1758205423,0,60224
1758205424,0,60224
1758205425,32,60256
1758205426,0,60256
1758205427,0,60256
1758205428,32,60288
1758205429,64,60352
1758205430,0,60352
1758205431,0,60352
1758205432,32,60384
1758205433,0,60384
1758205434,0,60384
1758205435,0,60384
1758205436,32,60416
1758205437,64,60480
1758205438,0,60480
1758205439,32,60512
1758205440,0,60512
1758205441,0,60512
1758205442,0,60512
1758205443,32,60544
1758205444,0,60544
1758205445,64,60608
1758205446,32,60640
1758205447,0,60640
1758205448,0,60640
1758205449,0,60640
1758205450,32,60672
1758205451,32,60704
1758205452,0,60704
1758205453,32,60736
1758205454,32,60768
1758205455,0,60768
1758205456,0,60768
1758205457,32,60800
1758205458,32,60832
1758205459,0,60832
1758205460,0,60832
1758205461,64,60896
1758205462,0,60896
1758205463,0,60896
1758205464,32,60928
1758205465,32,60960
1758205466,0,60960
1758205467,0,60960
1758205468,32,60992
1758205469,32,61024
1758205470,0,61024
1758205471,32,61056
1758205472,0,61056
1758205473,32,61088
1758205474,0,61088
1758205475,0,61088
1758205476,0,61088
1758205477,64,61152
1758205478,32,61184
1758205479,0,61184
1758205480,32,61216
1758205481,0,61216
1758205482,0,61216
1758205483,0,61216
1758205484,64,61280
1758205485,32,61312
1758205486,0,61312
1758205487,32,61344
1758205488,0,61344
1758205489,0,61344
1758205490,32,61376
1758205491,0,61376
1758205492,64,61440
1758205493,0,61440
1758205494,0,61440
1758205495,32,61472
1758205496,0,61472
1758205497,0,61472
1758205498,32,61504
1758205499,64,61568
1758205500,0,61568
1758205501,0,61568
1758205502,32,61600
1758205503,0,61600
1758205504,0,61600
1758205505,32,61632
1758205506,32,61664
1758205507,32,61696
1758205508,32,61728
1758205509,0,61728
1758205510,0,61728
1758205511,0,61728
1758205512,32,61760
1758205513,32,61792
1758205514,32,61824
1758205515,0,61824
1758205516,32,61856
1758205517,0,61856
1758205518,0,61856
1758205519,0,61856
1758205520,32,61888
1758205521,64,61952
1758205522,0,61952
1758205523,32,61984
1758205524,0,61984
1758205525,22,62006
1758205526,0,62006
1758205527,0,62006
1758205528,64,62070
1758205529,0,62070
1758205530,32,62102
1758205531,0,62102
1758205532,0,62102
1758205533,0,62102
1758205534,0,62102
1758205535,0,62102
1758205536,0,62102
1758205537,96,62198
1758205538,0,62198
1758205539,0,62198
1758205540,0,62198
1758205541,0,62198
1758205542,0,62198
1758205543,0,62198
1758205544,32,62230
1758205545,64,62294
1758205546,0,62294
1758205547,0,62294
1758205548,0,62294
1758205549,0,62294
1758205550,0,62294
1758205551,0,62294
1758205552,0,62294
1758205553,64,62358
1758205554,32,62390
1758205555,0,62390
1758205556,0,62390
1758205557,0,62390
1758205558,0,62390
1758205559,0,62390
1758205560,0,62390
1758205561,0,62390
1758205562,96,62486
1758205563,0,62486
1758205564,0,62486
1758205565,0,62486
1758205566,0,62486
1758205567,0,62486
1758205568,0,62486
1758205569,0,62486
1758205570,0,62486
1758205571,96,62582
1758205572,0,62582
1758205573,0,62582
1758205574,0,62582
1758205575,0,62582
1758205576,0,62582
1758205577,0,62582
1758205578,0,62582
1758205579,32,62614
1758205580,64,62678
1758205581,0,62678
1758205582,0,62678
1758205583,0,62678
1758205584,0,62678
1758205585,0,62678
1758205586,32,62710
1758205587,32,62742
1758205588,32,62774
1758205589,0,62774
1758205590,0,62774
1758205591,0,62774
1758205592,0,62774
1758205593,32,62806
1758205594,0,62806
1758205595,64,62870
1758205596,0,62870
1758205597,0,62870
1758205598,0,62870
1758205599,0,62870
1758205600,32,62902
1758205601,0,62902
1758205602,0,62902
1758205603,64,62966
1758205604,0,62966
1758205605,0,62966
1758205606,0,62966
1758205607,32,62998
1758205608,0,62998
1758205609,0,62998
1758205610,32,63030
1758205611,32,63062
1758205612,0,63062
1758205613,0,63062
1758205614,32,63094
1758205615,0,63094
1758205616,0,63094
1758205617,0,63094
1758205618,64,63158
1758205619,0,63158
1758205620,0,63158
1758205621,32,63190
1758205622,0,63190
1758205623,0,63190
1758205624,0,63190
1758205625,32,63222
1758205626,32,63254
1758205627,0,63254
1758205628,0,63254
1758205629,32,63286
1758205630,0,63286
1758205631,0,63286
1758205632,32,63318
1758205633,32,63350
1758205634,0,63350
1758205635,0,63350
1758205636,32,63382
1758205637,0,63382
1758205638,0,63382
1758205639,32,63414
1758205640,0,63414
1758205641,32,63446
1758205642,32,63478
1758205643,0,63478
1758205644,0,63478
1758205645,0,63478
1758205646,32,63510
1758205647,32,63542
1758205648,0,63542
1758205649,0,63542
1758205650,32,63574
1758205651,0,63574
1758205652,0,63574
1758205653,32,63606
1758205654,32,63638
1758205655,0,63638
1758205656,0,63638
1758205657,32,63670
1758205658,0,63670
1758205659,0,63670
1758205660,32,63702
1758205661,32,63734
1758205662,0,63734
1758205663,0,63734
1758205664,32,63766
1758205665,0,63766
1758205666,0,63766
1758205667,32,63798
1758205668,32,63830
1758205669,0,63830
1758205670,0,63830
1758205671,32,63862
1758205672,0,63862
1758205673,0,63862
1758205674,32,63894
1758205675,32,63926
1758205676,0,63926
1758205677,0,63926
1758205678,32,63958
1758205679,0,63958
1758205680,0,63958
1758205681,32,63990
1758205682,0,63990
1758205683,32,64022
1758205684,0,64022
1758205685,32,64054
1758205686,0,64054
1758205687,32,64086
1758205688,0,64086
1758205689,0,64086
1758205690,32,64118
1758205691,0,64118
1758205692,32,64150
1758205693,0,64150
1758205694,32,64182
1758205695,0,64182
1758205696,0,64182
1758205697,32,64214
1758205698,0,64214
1758205699,32,64246
1758205700,0,64246
1758205701,32,64278
1758205702,0,64278
1758205703,0,64278
1758205704,32,64310
1758205705,32,64342
1758205706,5,64347
1758205707,0,64347
1758205708,0,64347
1758205709,32,64379
1758205710,0,64379
1758205711,32,64411
1758205712,0,64411
1758205713,0,64411
1758205714,0,64411
1758205715,0,64411
1758205716,32,64443
1758205717,0,64443
1758205718,32,64475
1758205719,0,64475
1758205720,0,64475
1758205721,0,64475
1758205722,0,64475
1758205723,20,64495
1758205724,32,64527
1758205725,8,64535
1758205726,0,64535
